,dataset_name,model_type,seed,performance,performance_type,n_labels,f1_upper,f1_lower,n_epoch,precision,recall,weighted_f1,accuracy,footnote,name,source,task
0,esgbert_action500,longformer,42,0.8585858585858586,f1_score,2.0,0.9575746321448784,0.7536333112761318,10.0,0.857487922705314,0.8603896103896104,0.8602828282828283,0.86,,esgbert_action500,\citet{schimanski_bridging_2023},Claim characteristics
1,green_claims,longformer,42,0.945109078114004,f1_score,2.0,0.9868131868131867,0.8867102396514162,8.0,0.935483870967742,0.96078431372549,0.9494397228387376,0.9487179487179488,,green_claims,\citet{vinicius_woloszyn_towards_2021},Claim detection
2,sustainable_signals_review,longformer,42,0.7323266986959506,f1_score,2.0,0.8325231488901655,0.6320061103440348,8.0,0.7396199859254047,0.7292929292929293,0.7407739823662953,0.7435897435897436,,sustainable_signals_review,\citet{linSUSTAINABLESIGNALSijcai2023},Climate Topic Classification
3,climate_sentiment,longformer,42,0.7989943227985993,f1_score,3.0,0.8442666882965617,0.7477128850778364,9.91304347826087,0.7876959001666775,0.8160504082792203,0.8097530811616028,0.809375,,climate_sentiment,\citet{bingler2023cheaptalkspecificitysentiment},Sentiment Analysis
4,climate_detection,longformer,42,0.958005249343832,f1_score,2.0,0.9797269901338018,0.9322493224932248,4.0,0.9481792717086834,0.96875,0.9728083989501312,0.9725,,climate_detection,\citet{bingler2023cheaptalkspecificitysentiment},Climate Topic Classification
5,esgbert_s,longformer,42,0.8831746031746032,f1_score,2.0,0.92645741606223,0.8374819181127318,6.0,0.8806704134885588,0.8935055503682954,0.8859492063492064,0.885,,esgbert_s,\citet{schimanski_bridging_2023},ESG topic classification
6,esgbert_category_nature,longformer,42,0.8981052631578947,f1_score,2.0,0.9359433851411312,0.8575104232946489,4.995983935742972,0.9163398692810458,0.8956521739130435,0.8987368421052633,0.9,,esgbert_category_nature,\citet{Schimanski2024nature},Climate Sub-thematic topic classification
7,esgbert_category_forest,longformer,42,0.9715584415584416,f1_score,2.0,0.9933814722531904,0.9375552275526734,6.0,0.9637931034482758,0.9798493657505284,0.9818905295617624,0.9817351598173516,,esgbert_category_forest,\citet{Schimanski2024nature},Climate Sub-thematic topic classification
8,netzero_reduction,longformer,42,0.9775786413183418,f1_score,3.0,0.9910674798851404,0.9599754129011172,6.997455470737913,0.9783508977669204,0.977254115531991,0.979597921652598,0.9796511627906976,,netzero_reduction,\citet{tobias_schimanski_climatebert-netzero_2023},Claim characteristics
9,climateEng,longformer,42,0.7049908168610556,f1_score,5.0,0.7771821562409227,0.6077586701840246,7.0,0.7020949085199782,0.7237590479695744,0.7949614703863381,0.7943661971830986,,climateEng,\citet{vaid-etal-2022-towards},Climate Sub-thematic topic classification
10,climateFEVER_evidence,longformer,42,0.5271878733154359,f1_score,3.0,0.5668288149999484,0.4854490286619472,8.998116760828625,0.513223547508864,0.5698494418718794,0.5892171335368686,0.5753246753246753,,climateFEVER_evidence,\citet{diggelmann_climate-fever_2020},Stance classification
11,contrarian_claims,longformer,42,0.7158075129457094,f1_score,18.0,0.7391791251278855,0.6845074299756143,6.999300209937019,0.6841256622257816,0.7727635163476481,0.8005790074571718,0.7908022130013831,,contrarian_claims,\citet{coanComputerassistedClassificationContrarian2021},Deceptive technics
12,ClimaTOPIC,longformer,42,0.5582431611715573,f1_score,12.0,0.5716588716527481,0.5442769853933114,9.99300209937019,0.513536035898734,0.669050576363594,0.6142002157264257,0.6019744222571236,,ClimaTOPIC,\citet{spokoyny2023answering},Climate Sub-thematic topic classification
13,climaQA,longformer,42,0.8953594011745047,f1_score,2.0,0.9018983642669496,0.8889666000963579,9.99300209937019,0.8953146560330538,0.8954628383054217,0.8953972340099438,0.8953874327572393,,climaQA,\citet{spokoyny2023answering},Question answering
14,climateBUG_data,longformer,42,0.904534423699246,f1_score,2.0,0.907748695116172,0.9009165036583454,7.0,0.9026977882707212,0.9089676288614272,0.9058978455507184,0.9055334978717317,,climateBUG_data,\citet{yu_climatebug_2024},Climate Topic Classification
15,climatext,longformer,42,0.8561293693326449,f1_score,2.0,0.8677281718349401,0.8452995028049687,4.0,0.8634438284745067,0.8571590776885833,0.8560676509624184,0.8566895822316235,,climatext,\citet{varini_climatext_2020},Climate Topic Classification
16,ClimaINS_ours,longformer,42,0.7755341651243827,f1_score,8.0,0.8137985450910538,0.729459558911735,9.993164730006836,0.7795082334556018,0.7759980557582331,0.7960163233766328,0.8,,ClimaINS_ours,\citet{spokoyny2023answering},Question answering
17,lobbymap_query,longformer,42,0.5730573212995336,f1_score,13.0,0.5924853639368276,0.550112045813336,20.0,0.5915121368224925,0.5613724866581267,0.6968905536282982,0.7139255309939093,,lobbymap_query,\citet{morio2023an},Stance classification
18,climaQA_before,longformer,42,0.4425892688456452,f1_score,2.0,0.4442037346645631,0.4409385827030908,7.0,0.3970046180570266,0.5,0.7028399345368163,0.7940092361140533,,,,
19,climaQA_before,tfidf + LogReg,42,0.4767188939300049,f1_score,2.0,0.4827640403071594,0.470704435494263,,0.5121095689187618,0.518402240452354,0.5788984652276318,0.534423590221582,,,,
20,climaQA_before,random,42,0.4547127420855754,f1_score,2.0,0.461155821090971,0.4487128046758032,,0.5018878137767196,0.5028855314969121,0.5489360174119873,0.5018006185654366,,,,
21,climaQA_before,majority,42,0.4425892688456452,f1_score,2.0,0.4441513788474672,0.4409647343015487,,0.3970046180570266,0.5,0.7028399345368163,0.7940092361140533,,,,
22,logicClimate,longformer,42,0.1560734313531539,f1_score,13.0,0.2094640098762457,0.0957217787039577,19.852941176470587,0.2505495725275945,0.1256408749621419,0.2107280567919042,0.196461824953445,,logicClimate,\citet{jin-etal-2022-logical},Deceptive technics
23,green_claims_3,longformer,42,0.63003663003663,f1_score,3.0,0.7487004985462433,0.4876135005973716,6.98876404494382,0.6616876310272536,0.626797385620915,0.7907861369399831,0.7948717948717948,,green_claims_3,\citet{vinicius_woloszyn_towards_2021},Claim characteristics
24,climate_specificity,longformer,42,0.7732985968280086,f1_score,2.0,0.8192445732537845,0.7235908686769783,6.991304347826088,0.8410884353741497,0.7586562667657133,0.7932855135061019,0.80625,,climate_specificity,\citet{bingler2023cheaptalkspecificitysentiment},Claim characteristics
25,climate_commitments_actions,longformer,42,0.7667507709559854,f1_score,2.0,0.8152447534375995,0.7121781652148077,6.0,0.7613751042078013,0.7738095238095238,0.7992325483599664,0.796875,,climate_commitments_actions,\citet{bingler2023cheaptalkspecificitysentiment},Claim characteristics
26,climate_tcfd_recommendations,longformer,42,0.6942384992586612,f1_score,5.0,0.7440776579676164,0.6402233462138947,6.0,0.7116394458683015,0.711208379486117,0.7489999876631783,0.745,,climate_tcfd_recommendations,\citet{bingler2023cheaptalkspecificitysentiment},Disclosure (TCFD) classification
27,climateFEVER_claim,longformer,42,0.3190795283361903,f1_score,4.0,0.3889601288972913,0.2473774059631563,10.0,0.385858037784245,0.3274567819148936,0.4196080039587828,0.4605263157894737,,climateFEVER_claim,\citet{diggelmann_climate-fever_2020},Stance classification
28,esgbert_e,longformer,42,0.9576644184794656,f1_score,2.0,0.9874967268918564,0.9239075789567596,4.995555555555556,0.9556746532156368,0.9597328244274808,0.963432019152612,0.9633507853403142,,esgbert_e,\citet{schimanski_bridging_2023},ESG topic classification
29,esgbert_g,longformer,42,0.7818783068783068,f1_score,2.0,0.8445904074853423,0.7165400690052581,7.0,0.7734665129978231,0.7928150281091457,0.827732776959581,0.8247422680412371,,esgbert_g,\citet{schimanski_bridging_2023},ESG topic classification
30,esgbert_category_water,longformer,42,0.9534070152626856,f1_score,2.0,0.9857182701629296,0.9169986261692332,8.0,0.9567739520958084,0.9501475288910746,0.967322921098994,0.9674418604651164,,esgbert_category_water,\citet{Schimanski2024nature},Climate Sub-thematic topic classification
31,esgbert_category_biodiversity,longformer,42,0.9129019129019128,f1_score,2.0,0.9568113584875966,0.8564721663313213,9.959514170040483,0.89376850415903,0.9358614232209738,0.949900912517735,0.9485981308411215,,esgbert_category_biodiversity,\citet{Schimanski2024nature},Climate Sub-thematic topic classification
32,gw_stance_detection,longformer,42,0.6934017952513915,f1_score,3.0,0.7580122414628675,0.6219397797476477,8.0,0.6942442442442442,0.6953477868112015,0.7079631050705433,0.7085427135678392,,gw_stance_detection,\citet{luo_detecting_2020},Stance classification
33,environmental_claims,longformer,42,0.9054651826484018,f1_score,2.0,0.9400869044729931,0.865305107135939,8.996699669966997,0.8879814890431469,0.929745213327303,0.9264506332385628,0.9245283018867924,,environmental_claims,\citet{stammbach_environmental_2023},Claim detection
34,climateStance,longformer,42,0.5658032002824722,f1_score,3.0,0.6295865943843812,0.4941317508431843,6.0,0.546559917499338,0.5983232729711602,0.7845633417688739,0.7768361581920904,,climateStance,\citet{vaid-etal-2022-towards},Stance classification
35,climateFEVER_evidence_climabench,longformer,42,0.2627544277028813,f1_score,3.0,0.2709142709142709,0.2549094836570015,4.0,0.2168411867364746,0.3333333333333333,0.5127838373102043,0.650523560209424,,climateFEVER_evidence_climabench,\citet{diggelmann_climate-fever_2020},Stance classification
36,sciDCC,longformer,42,0.3976489284225014,f1_score,20.0,0.427316386730952,0.3713459533725997,8.999233716475096,0.404826597964385,0.4044449633524656,0.4935629765388098,0.4973913043478261,,sciDCC,\citet{mishra2021neuralnere},Climate Sub-thematic topic classification
37,ClimaINS,longformer,42,0.8473224289494036,f1_score,8.0,0.8642869981127147,0.8292354187549212,9.994910941475826,0.8447709671703731,0.8526772817432048,0.8526864170573656,0.8526315789473684,,ClimaINS,\citet{spokoyny2023answering},Question answering
38,lobbymap_stance,longformer,42,0.4671099733570811,f1_score,5.0,0.483423300568516,0.4496052714172521,8.0,0.4846609720598323,0.4616672697185107,0.4869795585445131,0.4876891130228419,,lobbymap_stance,\citet{morio2023an},Stance classification
39,lobbymap_pages,longformer,42,0.7128739950883969,f1_score,2.0,0.7210811981822127,0.7044475953001893,4.0,0.7328100693882368,0.7000931258513712,0.7921365765234714,0.7996814018319395,,lobbymap_pages,\citet{morio2023an},Stance classification
40,climatext_wiki,longformer,42,0.8392799742847958,f1_score,2.0,0.9040313125793992,0.759987493987494,7.998287671232877,0.9734042553191488,0.7727272727272727,0.9433301189328188,0.95,,climatext_wiki,\citet{varini_climatext_2020},Climate Topic Classification
41,climatext_10k,longformer,42,0.9700969827586208,f1_score,2.0,0.9903564115455008,0.9433605013657128,4.0,0.9812517231872072,0.9599472990777338,0.9795003786113698,0.9797297297297296,,climatext_10k,\citet{varini_climatext_2020},Climate Topic Classification
42,climatext_claim,longformer,42,0.6782424465733234,f1_score,2.0,0.7085801647015606,0.6464651148781808,4.0,0.8082124728063815,0.7048313253012048,0.6784298146772543,0.7054108216432866,,climatext_claim,\citet{varini_climatext_2020},Climate Topic Classification
43,esgbert_action500,tfidf + LogReg,42,0.8247619047619048,f1_score,2.0,0.930861059282112,0.7106918238993711,,0.8238636363636364,0.8288461538461538,0.8267494824016564,0.8260869565217391,,esgbert_action500,\citet{schimanski_bridging_2023},Claim characteristics
44,esgbert_action500,random,42,0.4436381228834058,f1_score,2.0,0.5852239657438615,0.299047619047619,,0.4434697855750487,0.4442307692307692,0.4546812225237164,0.4565217391304347,,esgbert_action500,\citet{schimanski_bridging_2023},Claim characteristics
45,esgbert_action500,majority,42,0.3611111111111111,f1_score,2.0,0.4177215189873417,0.2923076923076923,,0.2826086956521739,0.5,0.4082125603864734,0.5652173913043478,,esgbert_action500,\citet{schimanski_bridging_2023},Claim characteristics
46,green_claims,tfidf + LogReg,42,0.8607142857142858,f1_score,2.0,0.9327189823668992,0.7719298245614035,,0.8557353976073188,0.8671023965141612,0.8728021978021977,0.8717948717948718,,green_claims,\citet{vinicius_woloszyn_towards_2021},Claim detection
47,green_claims,random,42,0.4609250398724083,f1_score,2.0,0.5666826923076923,0.3485838779956427,,0.4625,0.4607843137254902,0.5055821371610845,0.5,,green_claims,\citet{vinicius_woloszyn_towards_2021},Claim detection
48,green_claims,majority,42,0.3953488372093023,f1_score,2.0,0.4306569343065693,0.35,,0.3269230769230769,0.5,0.5169946332737031,0.6538461538461539,,green_claims,\citet{vinicius_woloszyn_towards_2021},Claim detection
49,sustainable_signals_review,tfidf + LogReg,42,0.6576607387140903,f1_score,2.0,0.7658783783783782,0.5436780549427758,,0.6571428571428571,0.6590909090909091,0.6633769786984561,0.6623376623376623,,sustainable_signals_review,\citet{linSUSTAINABLESIGNALSijcai2023},Climate Topic Classification
50,sustainable_signals_review,random,42,0.3756756756756756,f1_score,2.0,0.4904123536399117,0.2696476964769648,,0.3807588075880759,0.3787878787878788,0.3791505791505791,0.3766233766233766,,sustainable_signals_review,\citet{linSUSTAINABLESIGNALSijcai2023},Climate Topic Classification
51,sustainable_signals_review,majority,42,0.3636363636363636,f1_score,2.0,0.4076923076923077,0.3185840707964602,,0.2857142857142857,0.5,0.4155844155844156,0.5714285714285714,,sustainable_signals_review,\citet{linSUSTAINABLESIGNALSijcai2023},Climate Topic Classification
52,climate_sentiment,tfidf + LogReg,42,0.6902517156477552,f1_score,3.0,0.7439872833511325,0.6335382894555904,,0.6806033888965421,0.7074374681770691,0.7201242363075593,0.71875,,climate_sentiment,\citet{bingler2023cheaptalkspecificitysentiment},Sentiment Analysis
53,climate_sentiment,random,42,0.3589973178948746,f1_score,3.0,0.4106320004402328,0.3055368936618936,,0.376260070419991,0.3907867271614438,0.37989716723089,0.36875,,climate_sentiment,\citet{bingler2023cheaptalkspecificitysentiment},Sentiment Analysis
54,climate_sentiment,majority,42,0.2249827467218771,f1_score,3.0,0.24,0.2078853046594982,,0.1697916666666666,0.3333333333333333,0.3438017598343685,0.509375,,climate_sentiment,\citet{bingler2023cheaptalkspecificitysentiment},Sentiment Analysis
55,logicClimate,tfidf + LogReg,42,0.1329344070234758,f1_score,13.0,0.180101378332646,0.0813034433746508,,0.2043766941956987,0.1075302902225979,0.1677379868515602,0.1247672253258845,,logicClimate,\citet{jin-etal-2022-logical},Deceptive technics
56,logicClimate,random,42,0.1334123589345163,f1_score,13.0,0.1531627100147954,0.113793526661678,,0.0851513197920732,0.5000656018189955,0.1939490822849894,0.139250042322668,,logicClimate,\citet{jin-etal-2022-logical},Deceptive technics
57,logicClimate,majority,42,0.0,f1_score,13.0,0.0,0.0,,0.0,0.0,0.0,0.0,,logicClimate,\citet{jin-etal-2022-logical},Deceptive technics
58,climate_detection,tfidf + LogReg,42,0.793400286944046,f1_score,2.0,0.8378056052474657,0.7433872878010265,,0.7676363636363637,0.859375,0.8538307030129124,0.8425,,climate_detection,\citet{bingler2023cheaptalkspecificitysentiment},Climate Topic Classification
59,climate_detection,random,42,0.4284570410917299,f1_score,2.0,0.4781730445516776,0.3795891314000321,,0.4779950488859993,0.465625,0.5339067170103057,0.4825,,climate_detection,\citet{bingler2023cheaptalkspecificitysentiment},Climate Topic Classification
60,climate_detection,majority,42,0.4444444444444445,f1_score,2.0,0.4557823129251701,0.4326241134751772,,0.4,0.5,0.7111111111111111,0.8,,climate_detection,\citet{bingler2023cheaptalkspecificitysentiment},Climate Topic Classification
61,esgbert_s,tfidf + LogReg,42,0.825647152528873,f1_score,2.0,0.8809468071270645,0.7680584443333757,,0.8300537634408602,0.8224264705882353,0.83320225180062,0.8341708542713567,,esgbert_s,\citet{schimanski_bridging_2023},ESG topic classification
62,esgbert_s,random,42,0.5435779816513762,f1_score,2.0,0.6075726896319691,0.4704346528084536,,0.5482323232323233,0.55015756302521,0.5521183901157163,0.5477386934673367,,esgbert_s,\citet{schimanski_bridging_2023},ESG topic classification
63,esgbert_s,majority,42,0.3742138364779874,f1_score,2.0,0.3987915407854985,0.3432343234323433,,0.2989949748743719,0.5,0.4475522265415126,0.5979899497487438,,esgbert_s,\citet{schimanski_bridging_2023},ESG topic classification
64,esgbert_category_nature,tfidf + LogReg,42,0.8292880258899676,f1_score,2.0,0.8767528901218398,0.7771650896892609,,0.8292880258899676,0.8292880258899676,0.8293838862559242,0.8293838862559242,,esgbert_category_nature,\citet{Schimanski2024nature},Climate Sub-thematic topic classification
65,esgbert_category_nature,random,42,0.514745670995671,f1_score,2.0,0.5802649170487427,0.4496312286382443,,0.515562613430127,0.5154171161452714,0.5154541351223816,0.5165876777251185,,esgbert_category_nature,\citet{Schimanski2024nature},Climate Sub-thematic topic classification
66,esgbert_category_nature,majority,42,0.3385579937304075,f1_score,2.0,0.3682634730538922,0.3081967213114754,,0.2559241706161137,0.5,0.3465806950036399,0.5118483412322274,,esgbert_category_nature,\citet{Schimanski2024nature},Climate Sub-thematic topic classification
67,esgbert_category_forest,tfidf + LogReg,42,0.928514963297572,f1_score,2.0,0.9708033777520731,0.8741505482907381,,0.9422180801491148,0.9162280701754386,0.9567005012296584,0.957345971563981,,esgbert_category_forest,\citet{Schimanski2024nature},Climate Sub-thematic topic classification
68,esgbert_category_forest,random,42,0.4141299876593994,f1_score,2.0,0.4717672219839599,0.3539111456955006,,0.4598731884057971,0.435233918128655,0.5434211731953578,0.4881516587677725,,esgbert_category_forest,\citet{Schimanski2024nature},Climate Sub-thematic topic classification
69,esgbert_category_forest,majority,42,0.4476439790575916,f1_score,2.0,0.461734693877551,0.4312284184453996,,0.4052132701421801,0.5,0.7255651224535371,0.8104265402843602,,esgbert_category_forest,\citet{Schimanski2024nature},Climate Sub-thematic topic classification
70,netzero_reduction,tfidf + LogReg,42,0.9484741215557834,f1_score,3.0,0.9705005653680454,0.9223619966298592,,0.9523284865641554,0.9454839606615324,0.9531739157856476,0.9534883720930232,,netzero_reduction,\citet{tobias_schimanski_climatebert-netzero_2023},Claim characteristics
71,netzero_reduction,random,42,0.2979235438843762,f1_score,3.0,0.348316738940609,0.248503071405271,,0.3038548436275709,0.3011451501093158,0.3073771071565042,0.3023255813953488,,netzero_reduction,\citet{tobias_schimanski_climatebert-netzero_2023},Claim characteristics
72,netzero_reduction,majority,42,0.2043010752688172,f1_score,3.0,0.2196448752664193,0.1878914405010438,,0.1472868217054263,0.3333333333333333,0.2708177044261065,0.4418604651162791,,netzero_reduction,\citet{tobias_schimanski_climatebert-netzero_2023},Claim characteristics
73,climateEng,tfidf + LogReg,42,0.584399907125971,f1_score,5.0,0.6679367472253602,0.4824981377752469,,0.5909950343773873,0.5967898212898213,0.6700714276174068,0.6666666666666666,,climateEng,\citet{vaid-etal-2022-towards},Climate Sub-thematic topic classification
74,climateEng,random,42,0.1324662874084031,f1_score,5.0,0.1621150543671413,0.1040411238186676,,0.1928606421135508,0.1488251748251748,0.2520004180544786,0.192090395480226,,climateEng,\citet{vaid-etal-2022-towards},Climate Sub-thematic topic classification
75,climateEng,majority,42,0.1480427046263345,f1_score,5.0,0.1558725740400023,0.1406474442988204,,0.1175141242937853,0.2,0.4349277198061805,0.5875706214689266,,climateEng,\citet{vaid-etal-2022-towards},Climate Sub-thematic topic classification
76,climateFEVER_evidence,tfidf + LogReg,42,0.4621356444852333,f1_score,3.0,0.5024031337534978,0.4222420351791238,,0.4597804225063147,0.492391656566987,0.5482751429835723,0.5285714285714286,,climateFEVER_evidence,\citet{diggelmann_climate-fever_2020},Stance classification
77,climateFEVER_evidence,random,42,0.2839979515119124,f1_score,3.0,0.3139957561827634,0.2524961165218464,,0.3175138284487717,0.3016436020454268,0.3726434831025129,0.3324675324675324,,climateFEVER_evidence,\citet{diggelmann_climate-fever_2020},Stance classification
78,climateFEVER_evidence,majority,42,0.2615101289134438,f1_score,3.0,0.2696571281258056,0.2533548040794417,,0.2151515151515151,0.3333333333333333,0.5063787041687594,0.6454545454545455,,climateFEVER_evidence,\citet{diggelmann_climate-fever_2020},Stance classification
79,contrarian_claims,tfidf + LogReg,42,0.62734482724461,f1_score,18.0,0.651105349206335,0.6011499491067342,,0.5476920615865132,0.7751510728006527,0.718419267085334,0.6948389331485971,,contrarian_claims,\citet{coanComputerassistedClassificationContrarian2021},Deceptive technics
80,contrarian_claims,random,42,0.0321703308472475,f1_score,18.0,0.0396508105733416,0.0255374479673473,,0.0521997196997391,0.0596332194713761,0.0766376258803437,0.0547280914444059,,contrarian_claims,\citet{coanComputerassistedClassificationContrarian2021},Deceptive technics
81,contrarian_claims,majority,42,0.0418884572963122,f1_score,18.0,0.042628114729199,0.0410872017576554,,0.0336181349343801,0.0555555555555555,0.4562606263040651,0.605126428818843,,contrarian_claims,\citet{coanComputerassistedClassificationContrarian2021},Deceptive technics
82,ClimaTOPIC,tfidf + LogReg,42,0.4660439459791792,f1_score,12.0,0.4782499942255405,0.453776772504918,,0.4369235767487099,0.6138455695851766,0.526203397359174,0.5137985191833072,,ClimaTOPIC,\citet{spokoyny2023answering},Climate Sub-thematic topic classification
83,ClimaTOPIC,random,42,0.0603578233533316,f1_score,12.0,0.0652788191066994,0.0556562392924039,,0.0763490313251798,0.0812034843835371,0.0927774444764106,0.0766210455463316,,ClimaTOPIC,\citet{spokoyny2023answering},Climate Sub-thematic topic classification
84,ClimaTOPIC,majority,42,0.0251880773259689,f1_score,12.0,0.0260986703764861,0.0242249920102269,,0.0148362126991249,0.0833333333333333,0.0538121768673718,0.1780345523894996,,ClimaTOPIC,\citet{spokoyny2023answering},Climate Sub-thematic topic classification
85,climaQA,tfidf + LogReg,42,0.5025351568132244,f1_score,2.0,0.512621966836303,0.4916351449626365,,0.5025447727065233,0.5025455739815712,0.502728850627791,0.50268971042692,,climaQA,\citet{spokoyny2023answering},Question answering
86,climaQA,random,42,0.5045863357422479,f1_score,2.0,0.516043774968999,0.4936119240518021,,0.5046594995038175,0.5046617522469813,0.5046953089841432,0.5046354583953302,,climaQA,\citet{spokoyny2023answering},Question answering
87,climaQA,majority,42,0.3283880390498885,f1_score,2.0,0.3332570207570207,0.3240205954297669,,0.2444775094426004,0.5,0.3211339596706247,0.4889550188852009,,climaQA,\citet{spokoyny2023answering},Question answering
88,climateBUG_data,tfidf + LogReg,42,0.8635710903492325,f1_score,2.0,0.8676176386336124,0.8595532747800922,,0.8619493859491745,0.866759442854331,0.86566601760304,0.8652215902993884,,climateBUG_data,\citet{yu_climatebug_2024},Climate Topic Classification
89,climateBUG_data,random,42,0.4958525705302707,f1_score,2.0,0.501330510081376,0.4899543820307158,,0.4983525791307877,0.4983198349852192,0.5007214771494478,0.4982651929749258,,climateBUG_data,\citet{yu_climatebug_2024},Climate Topic Classification
90,climateBUG_data,majority,42,0.3629776471392439,f1_score,2.0,0.3653636611277581,0.3606171301331461,,0.2849018134993025,0.5,0.4136519597187221,0.569803626998605,,climateBUG_data,\citet{yu_climatebug_2024},Climate Topic Classification
91,climatext,tfidf + LogReg,42,0.8037992128478708,f1_score,2.0,0.8171238329411461,0.7918424349523162,,0.8063838532275387,0.8043662353120162,0.8037489264928648,0.8040719196192491,,climatext,\citet{varini_climatext_2020},Climate Topic Classification
92,climatext,random,42,0.4928596437456374,f1_score,2.0,0.5078858502693444,0.4777142582684317,,0.4928735466319447,0.4928733074699528,0.4928651748228444,0.4928609201480698,,climatext,\citet{varini_climatext_2020},Climate Topic Classification
93,climatext,majority,42,0.3318021201413427,f1_score,2.0,0.3382327209098862,0.3245192195105018,,0.248281332628239,0.5,0.3295210902302705,0.4965626652564781,,climatext,\citet{varini_climatext_2020},Climate Topic Classification
94,green_claims_3,tfidf + LogReg,42,0.7028014131462408,f1_score,3.0,0.8196695783576587,0.5650048827421194,,0.7186948853615519,0.6905228758169933,0.8011666494425115,0.8076923076923077,,green_claims_3,\citet{vinicius_woloszyn_towards_2021},Claim characteristics
95,green_claims_3,random,42,0.371653950601319,f1_score,3.0,0.4605725968131983,0.2634880054993671,,0.4184782608695652,0.4222222222222222,0.4194809457967353,0.3846153846153846,,green_claims_3,\citet{vinicius_woloszyn_towards_2021},Claim characteristics
96,green_claims_3,majority,42,0.2635658914728682,f1_score,3.0,0.2871046228710462,0.2333333333333333,,0.2179487179487179,0.3333333333333333,0.5169946332737031,0.6538461538461539,,green_claims_3,\citet{vinicius_woloszyn_towards_2021},Claim characteristics
97,climate_specificity,tfidf + LogReg,42,0.7237908048128621,f1_score,2.0,0.7747697773710015,0.6761387529230924,,0.7258348716227555,0.7221534398085098,0.739559544608409,0.740625,,climate_specificity,\citet{bingler2023cheaptalkspecificitysentiment},Claim characteristics
98,climate_specificity,random,42,0.4894499621076144,f1_score,2.0,0.5427598577204876,0.4357790881239275,,0.4934754496649555,0.4931286368701251,0.5064217621953653,0.5,,climate_specificity,\citet{bingler2023cheaptalkspecificitysentiment},Claim characteristics
99,climate_specificity,majority,42,0.3810444874274661,f1_score,2.0,0.3996528729332237,0.3586852419698835,,0.3078125,0.5,0.4691610251450676,0.615625,,climate_specificity,\citet{bingler2023cheaptalkspecificitysentiment},Claim characteristics
100,climate_commitments_actions,tfidf + LogReg,42,0.7274633123689727,f1_score,2.0,0.7824198446644199,0.673654979645283,,0.7205907031381105,0.7416804559661703,0.7617859014675051,0.75625,,climate_commitments_actions,\citet{bingler2023cheaptalkspecificitysentiment},Claim characteristics
101,climate_commitments_actions,random,42,0.4849572861210845,f1_score,2.0,0.5393863440538972,0.4294216840719274,,0.4979572595851665,0.4976098547527119,0.531109941810078,0.5125,,climate_commitments_actions,\citet{bingler2023cheaptalkspecificitysentiment},Claim characteristics
102,climate_commitments_actions,majority,42,0.4095940959409593,f1_score,2.0,0.4265232974910394,0.3916349809885932,,0.346875,0.5,0.5683118081180811,0.69375,,climate_commitments_actions,\citet{bingler2023cheaptalkspecificitysentiment},Claim characteristics
103,climate_tcfd_recommendations,tfidf + LogReg,42,0.5645405403815452,f1_score,5.0,0.6191983839309595,0.5078001469871012,,0.5508189875643944,0.6196826083029854,0.6079917934599169,0.605,,climate_tcfd_recommendations,\citet{bingler2023cheaptalkspecificitysentiment},Disclosure (TCFD) classification
104,climate_tcfd_recommendations,random,42,0.1648035226718459,f1_score,5.0,0.2027138893151735,0.1288121950131682,,0.193761731196473,0.1909844355547764,0.2129901720731548,0.19,,climate_tcfd_recommendations,\citet{bingler2023cheaptalkspecificitysentiment},Disclosure (TCFD) classification
105,climate_tcfd_recommendations,majority,42,0.1319932998324958,f1_score,5.0,0.1406807131280389,0.1231833910034602,,0.0985,0.2,0.3250335008375209,0.4925,,climate_tcfd_recommendations,\citet{bingler2023cheaptalkspecificitysentiment},Disclosure (TCFD) classification
106,climateFEVER_claim,tfidf + LogReg,42,0.3499847716509053,f1_score,4.0,0.4301852217386118,0.2637068069326134,,0.3555035186837149,0.3513896276595745,0.4045317362802593,0.4013157894736842,,climateFEVER_claim,\citet{diggelmann_climate-fever_2020},Stance classification
107,climateFEVER_claim,random,42,0.1544993533455857,f1_score,4.0,0.2072992037029165,0.1036098538650024,,0.1699092316352378,0.1538098404255319,0.1951675270812659,0.1776315789473684,,climateFEVER_claim,\citet{diggelmann_climate-fever_2020},Stance classification
108,climateFEVER_claim,majority,42,0.1481481481481481,f1_score,4.0,0.1666666666666666,0.1274509803921568,,0.1052631578947368,0.25,0.2495126705653021,0.4210526315789473,,climateFEVER_claim,\citet{diggelmann_climate-fever_2020},Stance classification
109,esgbert_e,tfidf + LogReg,42,0.8806132184097115,f1_score,2.0,0.928363115311538,0.8249519982154148,,0.896294777139732,0.868765903307888,0.898736734663296,0.900523560209424,,esgbert_e,\citet{schimanski_bridging_2023},ESG topic classification
110,esgbert_e,random,42,0.425743135920127,f1_score,2.0,0.4930725580248662,0.351265337669586,,0.4459978070175439,0.4373409669211195,0.4648601641605394,0.4450261780104712,,esgbert_e,\citet{schimanski_bridging_2023},ESG topic classification
111,esgbert_e,majority,42,0.406832298136646,f1_score,2.0,0.4298507462686567,0.3838709677419355,,0.3429319371727748,0.5,0.5580631524178077,0.6858638743455497,,esgbert_e,\citet{schimanski_bridging_2023},ESG topic classification
112,esgbert_g,tfidf + LogReg,42,0.802242609582059,f1_score,2.0,0.8612254124346975,0.7345699090548213,,0.7920892494929006,0.8159193747429041,0.8433325977069474,0.8402061855670103,,esgbert_g,\citet{schimanski_bridging_2023},ESG topic classification
113,esgbert_g,random,42,0.5347721822541966,f1_score,2.0,0.6061252108614028,0.463594470046083,,0.5506003430531733,0.5647195941313589,0.5973200820786669,0.5721649484536082,,esgbert_g,\citet{schimanski_bridging_2023},ESG topic classification
114,esgbert_g,majority,42,0.4243323442136498,f1_score,2.0,0.4425287356321839,0.4049079754601227,,0.3685567010309278,0.5,0.6255621156964116,0.7371134020618557,,esgbert_g,\citet{schimanski_bridging_2023},ESG topic classification
115,esgbert_category_water,tfidf + LogReg,42,0.8460358056265984,f1_score,2.0,0.9079267878128878,0.7751157690810867,,0.8969584109248914,0.8144824194738136,0.8966966038184737,0.9023255813953488,,esgbert_category_water,\citet{Schimanski2024nature},Climate Sub-thematic topic classification
116,esgbert_category_water,random,42,0.4267478351147921,f1_score,2.0,0.4953593345542056,0.3656897205709041,,0.4655232155232155,0.4510695844602901,0.5167071905302014,0.4744186046511628,,esgbert_category_water,\citet{Schimanski2024nature},Climate Sub-thematic topic classification
117,esgbert_category_water,majority,42,0.4356955380577427,f1_score,2.0,0.4529262086513995,0.4173045908448215,,0.386046511627907,0.5,0.6727949703961423,0.772093023255814,,esgbert_category_water,\citet{Schimanski2024nature},Climate Sub-thematic topic classification
118,esgbert_category_biodiversity,tfidf + LogReg,42,0.9125816993464052,f1_score,2.0,0.962277454609554,0.8525335936839232,,0.9338942307692308,0.8943508114856429,0.9521562519088632,0.9532710280373832,,esgbert_category_biodiversity,\citet{Schimanski2024nature},Climate Sub-thematic topic classification
119,esgbert_category_biodiversity,random,42,0.4112934362934363,f1_score,2.0,0.4765517755887526,0.3495385792327282,,0.4827556022408963,0.4692571785268414,0.5317702883123444,0.4672897196261682,,esgbert_category_biodiversity,\citet{Schimanski2024nature},Climate Sub-thematic topic classification
120,esgbert_category_biodiversity,majority,42,0.4540816326530612,f1_score,2.0,0.4676947150105551,0.4383202099737533,,0.4158878504672897,0.5,0.7553881365630364,0.8317757009345794,,esgbert_category_biodiversity,\citet{Schimanski2024nature},Climate Sub-thematic topic classification
121,gw_stance_detection,tfidf + LogReg,42,0.5923615353164151,f1_score,3.0,0.6616019882797884,0.5151653220106236,,0.5856996236743073,0.6056659640670481,0.5994160883142788,0.5979899497487438,,gw_stance_detection,\citet{luo_detecting_2020},Stance classification
122,gw_stance_detection,random,42,0.2952138681151936,f1_score,3.0,0.3601420172446083,0.2304865918730112,,0.2978970028150355,0.3074375188196326,0.3061037067594153,0.3015075376884422,,gw_stance_detection,\citet{luo_detecting_2020},Stance classification
123,gw_stance_detection,majority,42,0.1945432977461447,f1_score,3.0,0.2169871354405252,0.1697410661485174,,0.1373534338358459,0.3333333333333333,0.2404907097766412,0.4120603015075377,,gw_stance_detection,\citet{luo_detecting_2020},Stance classification
124,environmental_claims,tfidf + LogReg,42,0.805416574170523,f1_score,2.0,0.8553944898222752,0.7477846079600394,,0.7880952380952381,0.842039800995025,0.844618657597158,0.8377358490566038,,environmental_claims,\citet{stammbach_environmental_2023},Claim detection
125,environmental_claims,random,42,0.4282632146709817,f1_score,2.0,0.4840168460083943,0.374004439598821,,0.4686536485097636,0.4586160108548168,0.4911888624290163,0.4566037735849056,,environmental_claims,\citet{stammbach_environmental_2023},Claim detection
126,environmental_claims,majority,42,0.427645788336933,f1_score,2.0,0.4444444444444445,0.4084490602029402,,0.3735849056603773,0.5,0.6390480459676434,0.7471698113207547,,environmental_claims,\citet{stammbach_environmental_2023},Claim detection
127,climateStance,tfidf + LogReg,42,0.4961069573539178,f1_score,3.0,0.559053974605496,0.4293589142165958,,0.4902522402522403,0.50439302481556,0.7406750012721696,0.731638418079096,,climateStance,\citet{vaid-etal-2022-towards},Stance classification
128,climateStance,random,42,0.2132435223945935,f1_score,3.0,0.2513442635166248,0.1765652914046113,,0.3004892966360856,0.2593226022803487,0.3603563343799895,0.2824858757062147,,climateStance,\citet{vaid-etal-2022-towards},Stance classification
129,climateStance,majority,42,0.296760710553814,f1_score,3.0,0.30527159990821,0.2884463616907437,,0.2674199623352166,0.3333333333333333,0.7142376423498575,0.8022598870056498,,climateStance,\citet{vaid-etal-2022-towards},Stance classification
130,climateFEVER_evidence_climabench,tfidf + LogReg,42,0.570120970772045,f1_score,3.0,0.606867923690804,0.526008922048371,,0.5503408806990132,0.6247323890620473,0.6456124624585077,0.6308900523560209,,climateFEVER_evidence_climabench,\citet{diggelmann_climate-fever_2020},Stance classification
131,climateFEVER_evidence_climabench,random,42,0.3042432923788691,f1_score,3.0,0.3346623823121615,0.27372262343941,,0.3389387255627596,0.3387724075470097,0.394984201804169,0.3534031413612565,,climateFEVER_evidence_climabench,\citet{diggelmann_climate-fever_2020},Stance classification
132,climateFEVER_evidence_climabench,majority,42,0.2627544277028813,f1_score,3.0,0.2712215320910973,0.2549178119105362,,0.2168411867364746,0.3333333333333333,0.5127838373102043,0.650523560209424,,climateFEVER_evidence_climabench,\citet{diggelmann_climate-fever_2020},Stance classification
133,sciDCC,tfidf + LogReg,42,0.42604024567005,f1_score,20.0,0.467176838923533,0.390320625700903,,0.4317264819779788,0.430018983498635,0.4989775623943743,0.4965217391304348,,sciDCC,\citet{mishra2021neuralnere},Climate Sub-thematic topic classification
134,sciDCC,random,42,0.0372908602970052,f1_score,20.0,0.0482210690872931,0.0268648498274839,,0.0400525110316871,0.0363450837313833,0.0435699284683298,0.0408695652173913,,sciDCC,\citet{mishra2021neuralnere},Climate Sub-thematic topic classification
135,sciDCC,majority,42,0.0079263410728582,f1_score,20.0,0.0095200629425649,0.0066558441558441,,0.0043043478260869,0.05,0.0136470915863125,0.0860869565217391,,sciDCC,\citet{mishra2021neuralnere},Climate Sub-thematic topic classification
136,ClimaINS,tfidf + LogReg,42,0.7749384563633961,f1_score,8.0,0.7946106262215927,0.7532269108060052,,0.7736427371971556,0.7833526856039457,0.7859519600866895,0.7871345029239766,,ClimaINS,\citet{spokoyny2023answering},Question answering
137,ClimaINS,random,42,0.123490278173158,f1_score,8.0,0.1395320203649378,0.1064077121822064,,0.1266172223834903,0.123986969571208,0.1302547263074105,0.1269005847953216,,ClimaINS,\citet{spokoyny2023answering},Question answering
138,ClimaINS,majority,42,0.0411577918905715,f1_score,8.0,0.0445699183085055,0.038048933396487,,0.0246345029239766,0.125,0.0648897116590531,0.1970760233918128,,ClimaINS,\citet{spokoyny2023answering},Question answering
139,lobbymap_stance,tfidf + LogReg,42,0.4358894693132492,f1_score,5.0,0.4524077435345007,0.416967350982069,,0.4338563384888479,0.4417453768681955,0.4569621634017221,0.4544645505784633,,lobbymap_stance,\citet{morio2023an},Stance classification
140,lobbymap_stance,random,42,0.1917299743872969,f1_score,5.0,0.2048711334287107,0.17838525422181,,0.1970771457331512,0.1979629013204072,0.2039176156738014,0.1981607831504004,,lobbymap_stance,\citet{morio2023an},Stance classification
141,lobbymap_stance,majority,42,0.0962378914169858,f1_score,5.0,0.0998219056099733,0.092635585635169,,0.0633639869474933,0.2,0.1524504123900042,0.3168199347374666,,lobbymap_stance,\citet{morio2023an},Stance classification
142,lobbymap_pages,tfidf + LogReg,42,0.7311428037884116,f1_score,2.0,0.7389557467370684,0.7229285890312436,,0.718888680288418,0.7568750616274016,0.7886260935136244,0.779901765564848,,lobbymap_pages,\citet{morio2023an},Stance classification
143,lobbymap_pages,random,42,0.4633419030786252,f1_score,2.0,0.4709279879354593,0.4552075364235724,,0.4952355157662724,0.4936316525638825,0.5332486271021425,0.4994690030532324,,lobbymap_pages,\citet{morio2023an},Stance classification
144,lobbymap_pages,majority,42,0.4289071680376027,f1_score,2.0,0.4311502443164198,0.4266239659411845,,0.375514403292181,0.5,0.6442432770935186,0.7510288065843621,,lobbymap_pages,\citet{morio2023an},Stance classification
145,lobbymap_query,tfidf + LogReg,42,0.4926894005020864,f1_score,13.0,0.5093656215136502,0.4733821168775366,,0.4349906065612187,0.6032592975897968,0.6518928403124787,0.6514455765176226,,lobbymap_query,\citet{morio2023an},Stance classification
146,lobbymap_query,random,42,0.1244635983993669,f1_score,13.0,0.1287428163791962,0.1200323247564802,,0.0929126830943938,0.5028207893064793,0.3277212507081881,0.1497706922008421,,lobbymap_query,\citet{morio2023an},Stance classification
147,lobbymap_query,majority,42,0.0,f1_score,13.0,0.0,0.0,,0.0,0.0,0.0,0.0,,lobbymap_query,\citet{morio2023an},Stance classification
148,ClimaINS_ours,tfidf + LogReg,42,0.8119410295748859,f1_score,8.0,0.8324121127947448,0.7901682357413582,,0.8093486973003606,0.8157984918229017,0.8233989109553559,0.8234375,,ClimaINS_ours,\citet{spokoyny2023answering},Question answering
149,ClimaINS_ours,random,42,0.1281500079912839,f1_score,8.0,0.1457038144809926,0.1114381674906162,,0.1306564673459509,0.1310325304435322,0.1313057425994986,0.1296875,,ClimaINS_ours,\citet{spokoyny2023answering},Question answering
150,ClimaINS_ours,majority,42,0.0419375812743823,f1_score,8.0,0.0456577266922094,0.0386358735084136,,0.0251953125,0.125,0.0676243498049414,0.2015625,,ClimaINS_ours,\citet{spokoyny2023answering},Question answering
151,climatext_wiki,tfidf + LogReg,42,0.8352234176601725,f1_score,2.0,0.9040313125793992,0.7497790474439998,,0.8931159420289856,0.7955396663261831,0.9393292623824756,0.9433333333333334,,climatext_wiki,\citet{varini_climatext_2020},Climate Topic Classification
152,climatext_wiki,random,42,0.400926566909846,f1_score,2.0,0.4485421614917539,0.3532783006467216,,0.4869855394883203,0.466802860061287,0.5909526598860428,0.5,,climatext_wiki,\citet{varini_climatext_2020},Climate Topic Classification
153,climatext_wiki,majority,42,0.4708994708994709,f1_score,2.0,0.4800693240901213,0.460431654676259,,0.445,0.5,0.8382010582010582,0.89,,climatext_wiki,\citet{varini_climatext_2020},Climate Topic Classification
154,climatext_10k,tfidf + LogReg,42,0.910290948275862,f1_score,2.0,0.949773195836607,0.8690767708620999,,0.9200441135925006,0.9014492753623188,0.93850113583411,0.9391891891891893,,climatext_10k,\citet{varini_climatext_2020},Climate Topic Classification
155,climatext_10k,random,42,0.468661181750187,f1_score,2.0,0.5216271544258355,0.4149861995341597,,0.506030701754386,0.508695652173913,0.5541935353453677,0.5135135135135135,,climatext_10k,\citet{varini_climatext_2020},Climate Topic Classification
156,climatext_10k,majority,42,0.4372623574144487,f1_score,2.0,0.4518518518518518,0.4229737755847953,,0.3885135135135135,0.5,0.6795293392251568,0.777027027027027,,climatext_10k,\citet{varini_climatext_2020},Climate Topic Classification
157,climatext_claim,tfidf + LogReg,42,0.7467642472617314,f1_score,2.0,0.7733533611799842,0.7168337601625644,,0.8162520607268522,0.7580883534136547,0.7468735755110932,0.7585170340681363,,climatext_claim,\citet{varini_climatext_2020},Climate Topic Classification
158,climatext_claim,random,42,0.4819217951588627,f1_score,2.0,0.5119736153257318,0.450771254841973,,0.4819432225824205,0.4819477911646586,0.4819311579803846,0.4819639278557114,,climatext_claim,\citet{varini_climatext_2020},Climate Topic Classification
159,climatext_claim,majority,42,0.3337783711615487,f1_score,2.0,0.3468693179678057,0.3201519022491172,,0.250501002004008,0.5,0.3344472656929346,0.501002004008016,,climatext_claim,\citet{varini_climatext_2020},Climate Topic Classification
160,esgbert_action500,distilRoBERTa,42,0.8912529550827424,f1_score,2.0,0.9780009564801532,0.8020086083213773,10.0,0.9,0.903846153846154,0.8915613115428103,0.8913043478260869,,esgbert_action500,\citet{schimanski_bridging_2023},Claim characteristics
161,green_claims_3,distilRoBERTa,42,0.8117364368015748,f1_score,3.0,0.9184022834796828,0.6808865148629997,8.0,0.8504761904761905,0.8202614379084968,0.8918473831188786,0.8974358974358975,,green_claims_3,\citet{vinicius_woloszyn_towards_2021},Claim characteristics
162,green_claims,distilRoBERTa,42,0.971677559912854,f1_score,2.0,1.0,0.9297929792979298,7.0,0.971677559912854,0.971677559912854,0.9743589743589745,0.9743589743589745,,green_claims,\citet{vinicius_woloszyn_towards_2021},Claim detection
163,sustainable_signals_review,distilRoBERTa,42,0.7366621067031464,f1_score,2.0,0.8269662921348315,0.6287144403215831,8.0,0.7357142857142858,0.7386363636363636,0.7410592143834278,0.7402597402597403,,sustainable_signals_review,\citet{linSUSTAINABLESIGNALSijcai2023},Climate Topic Classification
164,climate_specificity,distilRoBERTa,42,0.7753755440123544,f1_score,2.0,0.8224805880593853,0.7207154558491409,7.0,0.796607832322118,0.7663117494119104,0.7914458444475643,0.796875,,climate_specificity,\citet{bingler2023cheaptalkspecificitysentiment},Claim characteristics
165,climate_sentiment,distilRoBERTa,42,0.776993034403645,f1_score,3.0,0.8220915233909655,0.7256886757236589,5.0,0.7620834881704447,0.8040271091652311,0.7885186442978844,0.7875,,climate_sentiment,\citet{bingler2023cheaptalkspecificitysentiment},Sentiment Analysis
166,climate_commitments_actions,distilRoBERTa,42,0.8188256974433552,f1_score,2.0,0.864674892945684,0.771191588805689,9.0,0.8104013104013104,0.8309891524177239,0.843178071470598,0.840625,,climate_commitments_actions,\citet{bingler2023cheaptalkspecificitysentiment},Claim characteristics
167,climate_detection,distilRoBERTa,42,0.9402427637721756,f1_score,2.0,0.9687642611980364,0.9095840867992766,5.0,0.9229390681003584,0.9609375,0.9608590102707748,0.96,,climate_detection,\citet{bingler2023cheaptalkspecificitysentiment},Climate Topic Classification
168,climate_tcfd_recommendations,distilRoBERTa,42,0.6848349344436593,f1_score,5.0,0.7354179338852068,0.6301530203406641,7.0,0.6912018043135951,0.714598231717521,0.7417144007202091,0.74,,climate_tcfd_recommendations,\citet{bingler2023cheaptalkspecificitysentiment},Disclosure (TCFD) classification
169,climateFEVER_claim,distilRoBERTa,42,0.32494734994735,f1_score,4.0,0.3964928644805204,0.2494303299943847,9.0,0.3607742679870408,0.3288696808510638,0.4187852154957419,0.4407894736842105,,climateFEVER_claim,\citet{diggelmann_climate-fever_2020},Stance classification
170,esgbert_e,distilRoBERTa,42,0.958031201933641,f1_score,2.0,0.9870946435696596,0.9233940464159894,10.0,0.9525049603174602,0.9642493638676846,0.9635854728435496,0.9633507853403142,,esgbert_e,\citet{schimanski_bridging_2023},ESG topic classification
171,esgbert_g,distilRoBERTa,42,0.8373610351740479,f1_score,2.0,0.8969072164948454,0.7703440638484745,10.0,0.8640350877192983,0.8186617304264363,0.877515176452684,0.8814432989690721,,esgbert_g,\citet{schimanski_bridging_2023},ESG topic classification
172,esgbert_s,distilRoBERTa,42,0.8958987235823394,f1_score,2.0,0.937296148920962,0.8517138599105812,8.0,0.8944652908067543,0.897531512605042,0.8996920152131235,0.8994974874371859,,esgbert_s,\citet{schimanski_bridging_2023},ESG topic classification
173,esgbert_category_nature,distilRoBERTa,42,0.899380066762041,f1_score,2.0,0.9380714787133874,0.8576438908277971,8.0,0.9123720930232556,0.8985077310320029,0.8996286728727791,0.9004739336492891,,esgbert_category_nature,\citet{Schimanski2024nature},Climate Sub-thematic topic classification
174,esgbert_category_water,distilRoBERTa,42,0.939198743126473,f1_score,2.0,0.9749592359655253,0.8971781944060955,9.0,0.9496398250578852,0.9297393656257684,0.9576660150897898,0.958139534883721,,esgbert_category_water,\citet{Schimanski2024nature},Climate Sub-thematic topic classification
175,esgbert_category_forest,distilRoBERTa,42,0.9697274031563844,f1_score,2.0,0.9938192879675528,0.9383040935672516,6.0,0.9613271344040576,0.9787280701754386,0.9812180842745144,0.981042654028436,,esgbert_category_forest,\citet{Schimanski2024nature},Climate Sub-thematic topic classification
176,esgbert_category_biodiversity,distilRoBERTa,42,0.8902564102564101,f1_score,2.0,0.941802545008542,0.8330181172098334,6.0,0.8693244739756367,0.916354556803995,0.9365348670021566,0.9345794392523364,,esgbert_category_biodiversity,\citet{Schimanski2024nature},Climate Sub-thematic topic classification
177,gw_stance_detection,distilRoBERTa,42,0.752670896709307,f1_score,3.0,0.8159596295086617,0.684716380839927,5.0,0.7496817839597449,0.7561979323496938,0.7639958304215843,0.7638190954773869,,gw_stance_detection,\citet{luo_detecting_2020},Stance classification
178,environmental_claims,distilRoBERTa,42,0.9118234250221828,f1_score,2.0,0.946365158512576,0.8687247859770766,8.0,0.9044939741542036,0.919983416252073,0.9327133314359378,0.9320754716981132,,environmental_claims,\citet{stammbach_environmental_2023},Claim detection
179,netzero_reduction,distilRoBERTa,42,0.9769680101122322,f1_score,3.0,0.9925490035635042,0.958162954737336,7.0,0.9785399785399784,0.9756115212042265,0.9796039590250984,0.9796511627906976,,netzero_reduction,\citet{tobias_schimanski_climatebert-netzero_2023},Claim characteristics
180,climateStance,distilRoBERTa,42,0.5611283330695737,f1_score,3.0,0.631644149633358,0.4791247778594689,7.0,0.5995108741643396,0.5360831656606305,0.794334617314619,0.807909604519774,,climateStance,\citet{vaid-etal-2022-towards},Stance classification
181,climateEng,distilRoBERTa,42,0.6730526020870788,f1_score,5.0,0.7536480265074934,0.5833514895466648,5.0,0.691006327006327,0.693993783993784,0.7738955770880259,0.7711864406779662,,climateEng,\citet{vaid-etal-2022-towards},Climate Sub-thematic topic classification
182,climateFEVER_evidence,distilRoBERTa,42,0.5133008338714656,f1_score,3.0,0.5505207682070201,0.4732323169919735,5.0,0.5049179315996545,0.5435739743787592,0.6037811112857366,0.5909090909090909,,climateFEVER_evidence,\citet{diggelmann_climate-fever_2020},Stance classification
183,climateFEVER_evidence_climabench,distilRoBERTa,42,0.5992647032158326,f1_score,3.0,0.6395467637066736,0.5552718990672234,10.0,0.5813217372359916,0.6307424644842173,0.6847081845246876,0.675392670157068,,climateFEVER_evidence_climabench,\citet{diggelmann_climate-fever_2020},Stance classification
184,sciDCC,distilRoBERTa,42,0.4213836579536753,f1_score,20.0,0.4586601980523503,0.3920959818098755,7.0,0.4296764296712152,0.4451644868348176,0.5050627763969324,0.5095652173913043,,sciDCC,\citet{mishra2021neuralnere},Climate Sub-thematic topic classification
185,ClimaINS,distilRoBERTa,42,0.8933333333333333,f1_score,8.0,1.0,0.5555555555555555,9.0,0.9,0.9333333333333332,0.9066666666666666,0.9,,ClimaINS,\citet{spokoyny2023answering},Question answering
186,lobbymap_stance,distilRoBERTa,42,0.4471462939984347,f1_score,5.0,0.4651593203437379,0.4278958275301593,9.0,0.4569607391589983,0.4434851526723166,0.4597036216180006,0.461880747552655,,lobbymap_stance,\citet{morio2023an},Stance classification
187,contrarian_claims,distilRoBERTa,42,0.7122719869521833,f1_score,18.0,0.7364747038500721,0.6861624834907604,10.0,0.6574195478625695,0.783592133290045,0.8080116005031314,0.8018704537582265,,contrarian_claims,\citet{coanComputerassistedClassificationContrarian2021},Deceptive technics
188,ClimaTOPIC,distilRoBERTa,42,0.5482442965150603,f1_score,12.0,0.5607942743500697,0.534606376642033,9.0,0.5048070089746588,0.646811844489412,0.6076861157487262,0.5988332959389724,,ClimaTOPIC,\citet{spokoyny2023answering},Climate Sub-thematic topic classification
189,lobbymap_pages,distilRoBERTa,42,0.7360198100938842,f1_score,2.0,0.743799857888402,0.7279600758091507,9.0,0.7277577783938259,0.747308662895374,0.7980111755450882,0.7937740607991504,,lobbymap_pages,\citet{morio2023an},Stance classification
190,climaQA,distilRoBERTa,42,0.8937158126111615,f1_score,2.0,0.9003677434367391,0.8869868271192936,9.0,0.8937954267379702,0.8936573107104362,0.893775737350976,0.8937850520773721,,climaQA,\citet{spokoyny2023answering},Question answering
191,climateBUG_data,distilRoBERTa,42,0.9049015175569304,f1_score,2.0,0.9084657098926456,0.9015570355075724,6.0,0.9030671369426994,0.9093731743251257,0.9062558975389222,0.90589119004185,,climateBUG_data,\citet{yu_climatebug_2024},Climate Topic Classification
192,climatext,distilRoBERTa,42,0.8380451324191827,f1_score,2.0,0.849820943526533,0.8263939524078247,5.0,0.8567004504504505,0.840515958779678,0.8379303199885348,0.8397673188789001,,climatext,\citet{varini_climatext_2020},Climate Topic Classification
193,ClimaINS_ours,distilRoBERTa,42,0.758378264201448,f1_score,8.0,0.8015325023136595,0.7129116152965641,9.0,0.7635378414695249,0.7597498221422784,0.782426286142254,0.7846153846153846,,ClimaINS_ours,\citet{spokoyny2023answering},Question answering
194,climatext_wiki,distilRoBERTa,42,0.881827731092437,f1_score,2.0,0.9396117900790798,0.8096903294712021,6.0,0.9584052738973474,0.8314606741573034,0.956796218487395,0.96,,climatext_wiki,\citet{varini_climatext_2020},Climate Topic Classification
195,climatext_10k,distilRoBERTa,42,0.9645053533190576,f1_score,2.0,0.9869217157594564,0.93649094984306,5.0,0.9852320675105486,0.946969696969697,0.9758664274552924,0.9763513513513512,,climatext_10k,\citet{varini_climatext_2020},Climate Topic Classification
196,climatext_claim,distilRoBERTa,42,0.7540309230477935,f1_score,2.0,0.7818050852849671,0.7245667740029051,5.0,0.833232742361373,0.7660843373493975,0.7541420532085444,0.7665330661322646,,climatext_claim,\citet{varini_climatext_2020},Climate Topic Classification
197,lobbymap_query,distilRoBERTa,42,0.5212159208985209,f1_score,13.0,0.541884195834675,0.4998381124932999,20.0,0.5465080455969197,0.5054194119149865,0.662465605115447,0.6805438077772371,,lobbymap_query,\citet{morio2023an},Stance classification
198,logicClimate,distilRoBERTa,42,0.0940330496260202,f1_score,13.0,0.1237544058120441,0.0595937871867999,20.0,0.136545505776275,0.0766310612464458,0.1572118898845739,0.1471135940409683,,logicClimate,\citet{jin-etal-2022-logical},Deceptive technics
199,ClimaINS,ref,42,86.00,f1_score,0.0,,,,,,,,SVM,ClimaINS,\citet{spokoyny2023answering},Question answering
200,ClimaTOPIC,ref,42,65.22,f1_score,0.0,,,,,,,,RoBERTa,ClimaTOPIC,\citet{spokoyny2023answering},Climate Sub-thematic topic classification
201,climateFEVER_evidence_climabench,ref,42,62.68,f1_score,0.0,,,,,,,,"Contaminated split, SciBERT",climateFEVER_evidence_climabench,\citet{diggelmann_climate-fever_2020},Stance classification
202,climateFEVER_evidence,ref,42,68.03 (53.58 - 79.33),f1_score,0.0,,,,,,,,Human Baseline using annoations,climateFEVER_evidence,\citet{diggelmann_climate-fever_2020},Stance classification
203,climateFEVER_claim,ref,42,80.7,f1_score,0.0,,,,,,,,"Filtered Split (by removing disputed claims), BERT",climateFEVER_claim,\citet{diggelmann_climate-fever_2020},Stance classification
204,climateFEVER_claim_agg,ref,42,60.10 (51.47 68.75),f1_score,0.0,,,,,,,,Human Baseline using annoations,climateFEVER_claim_agg,\citet{diggelmann_climate-fever_2020},Stance classification
205,climateBUG_data,ref,42,91.36,f1_score,0.0,,,,,,,,climateBUG-LM,climateBUG_data,\citet{yu_climatebug_2024},Climate Topic Classification
206,sciDCC,ref,42,54.79,f1_score,0.0,,,,,,,,Longformer,sciDCC,\citet{mishra2021neuralnere},Climate Sub-thematic topic classification
207,climateEng,ref,42,74.58,f1_score,0.0,,,,,,,,RoBERTa,climateEng,\citet{vaid-etal-2022-towards},Climate Sub-thematic topic classification
208,climateStance,ref,42,59.69,f1_score,0.0,,,,,,,,RoBERTa,climateStance,\citet{vaid-etal-2022-towards},Stance classification
209,climate_commitments_actions,ref,42,81,f1_score,0.0,,,,,,,,"weighted average F1-score, climateBERT",climate_commitments_actions,\citet{bingler2023cheaptalkspecificitysentiment},Claim characteristics
210,climate_detection,ref,42,99.1,f1_score,0.0,,,,,,,,"weighted average F1-score, climateBERT",climate_detection,\citet{bingler2023cheaptalkspecificitysentiment},Climate Topic Classification
211,climate_sentiment,ref,42,83.8,f1_score,0.0,,,,,,,,"weighted average F1-score, climateBERT",climate_sentiment,\citet{bingler2023cheaptalkspecificitysentiment},Sentiment Analysis
212,climate_specificity,ref,42,77,f1_score,0.0,,,,,,,,"weighted average F1-score, climateBERT",climate_specificity,\citet{bingler2023cheaptalkspecificitysentiment},Claim characteristics
213,esgbert_category_water,ref,42,95.10,f1_score,0.0,,,,,,,,"binary F1-score, climateBERT",esgbert_category_water,\citet{Schimanski2024nature},Climate Sub-thematic topic classification
214,esgbert_category_forest,ref,42,95.37,f1_score,0.0,,,,,,,,"binary F1-score, EnvironmentalBERT",esgbert_category_forest,\citet{Schimanski2024nature},Climate Sub-thematic topic classification
215,esgbert_category_biodiversity,ref,42,92.29,f1_score,0.0,,,,,,,,"binary F1-score, EnvironmentalBERT",esgbert_category_biodiversity,\citet{Schimanski2024nature},Climate Sub-thematic topic classification
216,esgbert_category_nature,ref,42,94.19,f1_score,0.0,,,,,,,,"binary F1-score, EnvironmentalBERT",esgbert_category_nature,\citet{Schimanski2024nature},Climate Sub-thematic topic classification
217,environmental_claims,ref,42,84.9,f1_score,0.0,,,,,,,,"binary F1-score, RoBERTa (large)",environmental_claims,\citet{stammbach_environmental_2023},Claim detection
218,green_claims,ref,42,92.08,f1_score,0.0,,,,,,,,"binary F1-score, RoBERTa",green_claims,\citet{vinicius_woloszyn_towards_2021},Claim detection
219,green_claims_3,ref,42,81.45,f1_score,0.0,,,,,,,,"average F1-score (macro/micro is not specificed), RoBERTa",green_claims_3,\citet{vinicius_woloszyn_towards_2021},Claim characteristics
220,contrarian_claims,ref,42,79,f1_score,0.0,,,,,,,,RoBERTa + Logistic Regression,contrarian_claims,\citet{coanComputerassistedClassificationContrarian2021},Deceptive technics
221,netzero_reduction,ref,42,98.7,f1_score,0.0,,,,,,,,"binary F1-score, ClimateBERT",netzero_reduction,\citet{tobias_schimanski_climatebert-netzero_2023},Claim characteristics
222,esgbert_e,ref,42,93.19,f1_score,0.0,,,,,,,,"binary F1-score, ESGBERT",esgbert_e,\citet{schimanski_bridging_2023},ESG topic classification
223,esgbert_s,ref,42,91.90,f1_score,0.0,,,,,,,,"binary F1-score, ESGBERT",esgbert_s,\citet{schimanski_bridging_2023},ESG topic classification
224,esgbert_g,ref,42,78.86,f1_score,0.0,,,,,,,,"binary F1-score, ESGBERT",esgbert_g,\citet{schimanski_bridging_2023},ESG topic classification
225,gw_stance_detection,ref,42,73,f1_score,0.0,,,,,,,,"macro F1-score, BERT",gw_stance_detection,\citet{luo_detecting_2020},Stance classification
226,logicClimate,ref,42,29.37,f1_score,0.0,,,,,,,,"micro F1-score, Electra",logicClimate,\citet{jin-etal-2022-logical},Deceptive technics
227,climatext_wiki,ref,42,80 ($\pm6$),f1_score,0.0,,,,,,,,"binary F1-score, BERT-AL-Wiki & AL-10Ks",climatext_wiki,\citet{varini_climatext_2020},Climate Topic Classification
228,climatext_10k,ref,42,95 ($\pm2$),f1_score,0.0,,,,,,,,"binary F1-score, BERT-Wiki-Doc-Train & AL-10Ks & AL-Wiki",climatext_10k,\citet{varini_climatext_2020},Climate Topic Classification
229,climatext_claim,ref,42,83 ($\pm1$),f1_score,0.0,,,,,,,,"binary F1-score, BERT-Wiki-Doc-Train & AL-10Ks & AL-Wiki",climatext_claim,\citet{varini_climatext_2020},Climate Topic Classification
230,climateFEVER_claim_climabench_agg,distilRoBERTa,42,0.4881608070134128,f1_score,4.0,0.5239588275635514,0.4532800870723206,,0.6181247517761793,0.5111333963180201,0.5982796180845226,0.6237785016286646,,climateFEVER_claim_climabench_agg,\citet{diggelmann_climate-fever_2020},Stance classification
231,climateFEVER_claim_agg,distilRoBERTa,42,0.4127622377622377,f1_score,4.0,0.4992969396524971,0.3283365828276128,,0.4178130360205832,0.4149042608245644,0.4961645497359783,0.487012987012987,,climateFEVER_claim_agg,\citet{diggelmann_climate-fever_2020},Stance classification
232,climateFEVER_claim_agg,longformer,42,0.425187969924812,f1_score,4.0,0.4994744719793407,0.3415624521978116,,0.4433554292929292,0.4355758725777701,0.5152979852227972,0.5,,climateFEVER_claim_agg,\citet{diggelmann_climate-fever_2020},Stance classification
233,climateFEVER_claim_climabench_agg,longformer,42,0.1186335403726708,f1_score,4.0,0.1283405333317718,0.1074168797953964,,0.0777687296416938,0.25,0.1476156756428673,0.3110749185667752,,climateFEVER_claim_climabench_agg,\citet{diggelmann_climate-fever_2020},Stance classification
234,climateFEVER_claim_agg_old,gpt-4o-mini,42,0.4101048951048951,f1_score,4.0,0.4838734002038843,0.3327390088795171,,0.4988826488826489,0.5048602725547697,0.446821360457724,0.4545454545454545,,,,
235,climateFEVER_claim_agg,gpt-4o-mini,42,0.5039792119005665,f1_score,4.0,0.5815224449108454,0.4196915015766688,,0.5264550264550265,0.5680006900120752,0.5583227605226291,0.551948051948052,,climateFEVER_claim_agg,\citet{diggelmann_climate-fever_2020},Stance classification
236,netzero_reduction_not_cot,gpt-4o-mini,42,0.961296580444942,f1_score,,0.9818240030155824,0.9364352167385556,,0.9631410372189912,0.9596683578246528,0.9649839586654017,0.9651162790697676,,,,
237,climate_specificity,gpt-4o-mini,42,0.7155555555555555,f1_score,,0.7625330968304509,0.6656210814472973,,0.7641802315824803,0.7598737154884239,0.7145277777777779,0.715625,,climate_specificity,\citet{bingler2023cheaptalkspecificitysentiment},Claim characteristics
238,climate_sentiment,gpt-4o-mini,42,0.7730655509850676,f1_score,,0.821620106019558,0.7235388119096045,,0.7583123769870147,0.8040271091652311,0.7902703829861237,0.7875,,climate_sentiment,\citet{bingler2023cheaptalkspecificitysentiment},Sentiment Analysis
239,climate_commitments_actions,gpt-4o-mini,42,0.6717948717948719,f1_score,,0.7243754986847581,0.6158207714319378,,0.6782581453634086,0.7092296378010663,0.6996153846153847,0.6875,,climate_commitments_actions,\citet{bingler2023cheaptalkspecificitysentiment},Claim characteristics
240,climate_detection_old_prompt,gpt-4o-mini,42,0.836553234611487,f1_score,,0.8771001170498415,0.7931746936449131,,0.8058741744873132,0.9125,0.8841162433395443,0.875,,,,
241,climate_tcfd_recommendations_not_cot,gpt-4o-mini,42,0.4235545770164634,f1_score,,0.4789600559436643,0.3685112245148835,,0.45091864160315,0.494619030353258,0.3950768281174307,0.41,,,,
242,climatext_prompt_10konwiki,gpt-4o-mini,42,0.450683290332523,f1_score,,0.4784031780634988,0.422480519215389,,0.7653927813163481,0.558,0.450683290332523,0.558,,,,
243,environmental_claims_old_prompt,gpt-4o-mini,42,0.8528000807958389,f1_score,,0.898112702896976,0.8032536534538757,,0.8316536020903322,0.9018543645409316,0.881357598762909,0.8754716981132076,,,,
244,ClimaTOPIC,gpt-4o-mini,42,0.5043330284712326,f1_score,,0.5286200642067516,0.4763785839718557,,0.5251103208375809,0.5295706636068082,0.5039768049057737,0.529,,ClimaTOPIC,\citet{spokoyny2023answering},Climate Sub-thematic topic classification
245,climateFEVER_claim,gpt-4o-mini,42,0.1925076368897235,f1_score,,0.2496917580934756,0.1323160670097851,,0.4055756843800322,0.2969015957446809,0.226970688014832,0.2236842105263158,,climateFEVER_claim,\citet{diggelmann_climate-fever_2020},Stance classification
246,climateBUG_data_not_cot,gpt-4o-mini,42,0.8677200957225489,f1_score,,0.8886889960761054,0.8468555038152783,,0.871141340304336,0.868,0.8677200957225488,0.868,,,,
247,sustainable_signals_review,gpt-4o-mini,42,0.6973270440251573,f1_score,,0.7967724458204335,0.5762578616352201,,0.8134408602150538,0.7007575757575758,0.713611859838275,0.7402597402597403,,sustainable_signals_review,\citet{linSUSTAINABLESIGNALSijcai2023},Climate Topic Classification
248,esgbert_e,gpt-4o-mini,42,0.950479647394348,f1_score,,0.9820133722572748,0.913317825572681,,0.959920634920635,0.9423664122137404,0.9577079546673146,0.9581151832460733,,esgbert_e,\citet{schimanski_bridging_2023},ESG topic classification
249,esgbert_s,gpt-4o-mini,42,0.7810299295774648,f1_score,,0.8407428871043409,0.7242743096410655,,0.805450906522251,0.772531512605042,0.7933218026753486,0.7989949748743719,,esgbert_s,\citet{schimanski_bridging_2023},ESG topic classification
250,esgbert_g,gpt-4o-mini,42,0.8350555918901243,f1_score,,0.8882226723423852,0.7738753514526711,,0.8225988700564972,0.8523241464417934,0.868924504257887,0.865979381443299,,esgbert_g,\citet{schimanski_bridging_2023},ESG topic classification
251,esgbert_action500,gpt-4o-mini,42,0.7604166666666667,f1_score,,0.8741105637657361,0.6217096112469127,,0.8259803921568627,0.7557692307692307,0.7699275362318841,0.782608695652174,,esgbert_action500,\citet{schimanski_bridging_2023},Claim characteristics
252,esgbert_category_water,gpt-4o-mini,42,0.9382597874988036,f1_score,,0.9755681818181818,0.8942329778916024,,0.9568048910154172,0.9225473321858864,0.9573247911384372,0.958139534883721,,esgbert_category_water,\citet{Schimanski2024nature},Climate Sub-thematic topic classification
253,esgbert_category_forest,gpt-4o-mini,42,0.9162698412698412,f1_score,,0.9618044241700155,0.8638643680797381,,0.9592353351955308,0.8845760233918128,0.9505153088091476,0.95260663507109,,esgbert_category_forest,\citet{Schimanski2024nature},Climate Sub-thematic topic classification
254,esgbert_category_biodiversity,gpt-4o-mini,42,0.9183081386471216,f1_score,,0.9623876379771988,0.8643809663405082,,0.909688995215311,0.9275905118601748,0.9537704978858156,0.9532710280373832,,esgbert_category_biodiversity,\citet{Schimanski2024nature},Climate Sub-thematic topic classification
255,esgbert_category_nature,gpt-4o-mini,42,0.829072907290729,f1_score,,0.8791062669300023,0.7762586338279892,,0.8346517548645208,0.8308612010068321,0.8289001411989539,0.8293838862559242,,esgbert_category_nature,\citet{Schimanski2024nature},Climate Sub-thematic topic classification
256,sciDCC,gpt-4o-mini,42,0.2815653001746078,f1_score,,0.3208551396411395,0.2609336922703981,,0.3684862634947467,0.2994702814299416,0.3656251805552472,0.354,,sciDCC,\citet{mishra2021neuralnere},Climate Sub-thematic topic classification
257,green_claims_not_cot,gpt-4o-mini,42,0.8999816816266716,f1_score,,0.971677559912854,0.8281958456152005,,0.903846153846154,0.8965141612200436,0.9098454211112208,0.9102564102564102,,,,
258,green_claims_3_not_cot,gpt-4o-mini,42,0.7796041301195941,f1_score,,0.8746206509539842,0.665808451224451,,0.8036576949620429,0.8032679738562091,0.8356606385948178,0.8205128205128205,,,,
259,climateStance_not_cot,gpt-4o-mini,42,0.5173226192834036,f1_score,,0.5769034904684543,0.4559722610433896,,0.5297540554683412,0.6554996646545942,0.6714077744320349,0.6129943502824858,,,,
260,climateEng,gpt-4o-mini,42,0.657640258589901,f1_score,,0.7394746550666476,0.5549662263698042,,0.6986690865093769,0.6664448329448329,0.7171619907686734,0.7146892655367232,,climateEng,\citet{vaid-etal-2022-towards},Climate Sub-thematic topic classification
261,ClimaINS_ours,gpt-4o-mini,42,0.5968935511754823,f1_score,,0.6462457783054047,0.5460685493394835,,0.6181941541855336,0.6018234440213143,0.6317362617635626,0.6358974358974359,,ClimaINS_ours,\citet{spokoyny2023answering},Question answering
262,gw_stance_detection_not_cot,gpt-4o-mini,42,0.6867627891821441,f1_score,,0.7494071253916751,0.6135774722084819,,0.706046176046176,0.7067399377697482,0.677862921646355,0.6834170854271356,,,,
263,logicClimate,gpt-4o-mini,42,0.2742966550561487,f1_score,,0.3135281275195073,0.1578868427661936,,0.391537384184443,0.2936704321319706,0.2152111689995524,0.2486033519553072,,logicClimate,\citet{jin-etal-2022-logical},Deceptive technics
264,climaQA,gpt-4o-mini,42,0.8118524923540056,f1_score,,0.8359212420937863,0.7869980829827468,,0.8129815100154083,0.812,0.8118524923540056,0.812,,climaQA,\citet{spokoyny2023answering},Question answering
265,climateFEVER_evidence_not_cot,gpt-4o-mini,42,0.5298786735060109,f1_score,,0.5634233486638097,0.4930901904471399,,0.560569911557094,0.6628975939991029,0.5622905582980771,0.538961038961039,,,,
266,lobbymap_query_not_cot,gpt-4o-mini,42,0.393037004717333,f1_score,,0.4174986766086822,0.3550977750109977,,0.3400941827272892,0.5959750310065756,0.4275445958869823,0.3956511355466059,,,,
267,lobbymap_stance_not_cot,gpt-4o-mini,42,0.2057167606330521,f1_score,,0.253357046279911,0.1576420404854826,,0.2544281494978487,0.2616641696504264,0.185221697255796,0.2461538461538461,,,,
268,lobbymap_pages_not_cot,gpt-4o-mini,42,0.6873354827843411,f1_score,,0.7143776475703328,0.6630370879778578,,0.715345009681394,0.731013139605025,0.6942833587462724,0.6890951276102089,,,,
269,climatext_not_cot,gpt-4o-mini,42,0.7604035308953342,f1_score,,0.7880976661636379,0.7335839825367526,,0.8373015873015873,0.772,0.7604035308953342,0.772,,,,
270,climate_detection_not_cot,gpt-4o-mini,42,0.9198282032927704,f1_score,,0.9516544408185276,0.8816938109584758,,0.9108309990662932,0.9296875,0.9480887616320688,0.9475,,,,
271,environmental_claims,gpt-4o-mini,42,0.8677849462365591,f1_score,,0.9091606091957112,0.8196527210626787,,0.8466551104262969,0.9070179406000302,0.8949151552038953,0.8905660377358491,,environmental_claims,\citet{stammbach_environmental_2023},Claim detection
272,contrarian_claims,gpt-4o-mini,42,0.5980882824936588,f1_score,,0.6290353769244771,0.5637370377437176,,0.7383133414505422,0.5862849162586558,0.5794547293676474,0.576,,contrarian_claims,\citet{coanComputerassistedClassificationContrarian2021},Deceptive technics
273,climateFEVER_evidence,gpt-4o-mini,42,0.600257602637851,f1_score,,0.6355471668422052,0.5624446821288018,,0.5916074645293177,0.6882543019065377,0.6506244584671821,0.6363636363636364,,climateFEVER_evidence,\citet{diggelmann_climate-fever_2020},Stance classification
274,green_claims,gpt-4o-mini,42,0.915032679738562,f1_score,,0.9737373737373738,0.8393960192175703,,0.915032679738562,0.915032679738562,0.9230769230769232,0.9230769230769232,,green_claims,\citet{vinicius_woloszyn_towards_2021},Claim detection
275,green_claims_3,gpt-4o-mini,42,0.8159278959810875,f1_score,,0.9037365768246828,0.7119749494208408,,0.7978036175710596,0.868954248366013,0.8567239498090563,0.8461538461538461,,green_claims_3,\citet{vinicius_woloszyn_towards_2021},Claim characteristics
276,netzero_reduction,gpt-4o-mini,42,0.9734849675425024,f1_score,,0.9896111075334916,0.9550011489452788,,0.9735863159038032,0.973418538748086,0.9767414241858192,0.9767441860465116,,netzero_reduction,\citet{tobias_schimanski_climatebert-netzero_2023},Claim characteristics
277,climatext,gpt-4o-mini,42,0.8529171599013632,f1_score,,0.8734730774391162,0.8303448242973223,,0.8763160461162064,0.855,0.8529171599013632,0.855,,climatext,\citet{varini_climatext_2020},Climate Topic Classification
278,climateBUG_data,gpt-4o-mini,42,0.887988798879888,f1_score,,0.9069596016912396,0.867999471997888,,0.8881552621048419,0.888,0.887988798879888,0.888,,climateBUG_data,\citet{yu_climatebug_2024},Climate Topic Classification
279,climate_detection,gpt-4o-mini,42,0.9319829957489372,f1_score,,0.962976166574903,0.8998613472387821,,0.9430769230769231,0.921875,0.9569792448112028,0.9575,,climate_detection,\citet{bingler2023cheaptalkspecificitysentiment},Climate Topic Classification
280,climate_tcfd_recommendations,gpt-4o-mini,42,0.4754485055910217,f1_score,,0.5302681532181549,0.422499449996289,,0.4874911981723127,0.5326905279878449,0.4727788777680276,0.4725,,climate_tcfd_recommendations,\citet{bingler2023cheaptalkspecificitysentiment},Disclosure (TCFD) classification
281,lobbymap_stance,gpt-4o-mini,42,0.2441742140475843,f1_score,,0.2946274541264506,0.1933214169895939,,0.2988854298781659,0.2912590144305011,0.2288947581642984,0.2703296703296703,,lobbymap_stance,\citet{morio2023an},Stance classification
282,lobbymap_query,gpt-4o-mini,42,0.3963952629729028,f1_score,,0.4281863962963946,0.362550819246439,,0.3439130745793545,0.5400876063942582,0.4389175994547548,0.4272551296941541,,lobbymap_query,\citet{morio2023an},Stance classification
283,climateStance,gpt-4o-mini,42,0.5636527347659918,f1_score,,0.6215894804619755,0.5038907450824188,,0.5447115016219254,0.7172032193158954,0.7066493676087005,0.6610169491525424,,climateStance,\citet{vaid-etal-2022-towards},Stance classification
284,lobbymap_pages,gpt-4o-mini,42,0.6495840624579351,f1_score,,0.6750145758828695,0.6217985460526586,,0.7208358283966723,0.716655301738834,0.6481390949558371,0.6496519721577726,,lobbymap_pages,\citet{morio2023an},Stance classification
285,gw_stance_detection,gpt-4o-mini,42,0.6984914207136429,f1_score,,0.7628164432406058,0.631005136028832,,0.6890414112636335,0.7299508180266988,0.6919363401775461,0.6934673366834171,,gw_stance_detection,\citet{luo_detecting_2020},Stance classification
286,climatext_wiki,gpt-4o-mini,42,0.8473088179157653,f1_score,,0.9154108837996178,0.7709343505387544,,0.8981818181818182,0.8106911814776983,0.9433821096831656,0.9466666666666668,,climatext_wiki,\citet{varini_climatext_2020},Climate Topic Classification
287,climatext_10k,gpt-4o-mini,42,0.9543640256959316,f1_score,,0.9823823864504256,0.9183547720400468,,0.974647786598012,0.9372200263504612,0.9689711210139476,0.9695945945945946,,climatext_10k,\citet{varini_climatext_2020},Climate Topic Classification
288,climatext_claim,gpt-4o-mini,42,0.8217818511755519,f1_score,,0.8462951463714462,0.7971812604261695,,0.8658404808536503,0.8263253012048193,0.821840899120251,0.8266533066132264,,climatext_claim,\citet{varini_climatext_2020},Climate Topic Classification
289,climateStance,Llama-8B,42,0.4851002917655256,f1_score,,0.5420233460858955,0.4236710801770445,,0.5115655616058518,0.6475519785378941,0.6138852919085,0.5536723163841808,,climateStance,\citet{vaid-etal-2022-towards},Stance classification
290,environmental_claims,Llama-8B,42,0.8143804264607666,f1_score,,0.8614894991939335,0.7604221625083847,,0.7983755375059722,0.8766018392884065,0.8469289409294334,0.8377358490566038,,environmental_claims,\citet{stammbach_environmental_2023},Claim detection
291,esgbert_action500,Llama-8B,42,0.6700143472022956,f1_score,,0.7965601965601965,0.5334685598377282,,0.6695238095238095,0.6711538461538462,0.674692782733454,0.6739130434782609,,esgbert_action500,\citet{schimanski_bridging_2023},Claim characteristics
292,ClimaINS_ours,Llama-8B,42,0.4362637568206687,f1_score,,0.4791525980059347,0.3877134749378205,,0.4838814389101745,0.4537463131915153,0.4616367768318963,0.5,,ClimaINS_ours,\citet{spokoyny2023answering},Question answering
293,climateFEVER_evidence,Llama-8B,42,0.5249555316669411,f1_score,,0.5590597205091263,0.4847560552158116,,0.5373019934132017,0.657398797605696,0.5452055387207483,0.5363636363636364,,climateFEVER_evidence,\citet{diggelmann_climate-fever_2020},Stance classification
294,climate_detection,Llama-8B,42,0.8830937641150995,f1_score,,0.918015986882558,0.8434913775444559,,0.8556601614854042,0.925,0.9211467438956344,0.9175,,climate_detection,\citet{bingler2023cheaptalkspecificitysentiment},Climate Topic Classification
295,climateEng,Llama-8B,42,0.5390103506814221,f1_score,,0.6216981082050982,0.435256702333923,,0.6072512765838056,0.5102933177933179,0.6840434701537316,0.7005649717514124,,climateEng,\citet{vaid-etal-2022-towards},Climate Sub-thematic topic classification
296,climatext,Llama-8B,42,0.8763042111879321,f1_score,,0.8955456757438242,0.8550222925971115,,0.8856777493606138,0.877,0.8763042111879322,0.877,,climatext,\citet{varini_climatext_2020},Climate Topic Classification
297,esgbert_s,Llama-8B,42,0.7788946022066614,f1_score,,0.8335696163653722,0.7154209939487463,,0.7766598569969356,0.7845063025210084,0.7854270967249362,0.7839195979899497,,esgbert_s,\citet{schimanski_bridging_2023},ESG topic classification
298,climate_specificity,Llama-8B,42,0.764795813365478,f1_score,,0.8078017465422747,0.7149836822413539,,0.7822044627314448,0.7943749742065949,0.7680252770999324,0.765625,,climate_specificity,\citet{bingler2023cheaptalkspecificitysentiment},Claim characteristics
299,climateFEVER_claim,Llama-8B,42,0.2995915032679739,f1_score,,0.372455410731034,0.2193162977124004,,0.4952308640718495,0.3528590425531915,0.3421848125214998,0.3092105263157895,,climateFEVER_claim,\citet{diggelmann_climate-fever_2020},Stance classification
300,contrarian_claims,Llama-8B,42,0.4112444601997245,f1_score,,0.439752615065205,0.3789633007629119,,0.6231424925091928,0.4131725961881774,0.3892585535876002,0.412,,contrarian_claims,\citet{coanComputerassistedClassificationContrarian2021},Deceptive technics
301,esgbert_category_nature,Llama-8B,42,0.8671523655333693,f1_score,,0.9097517201171178,0.8195728941137358,,0.8674617461746175,0.8669992808342323,0.8672568031517143,0.8672985781990521,,esgbert_category_nature,\citet{Schimanski2024nature},Climate Sub-thematic topic classification
302,green_claims_3,Llama-8B,42,0.6845632798573975,f1_score,,0.8099356550731744,0.5467667346992815,,0.7501546072974644,0.711764705882353,0.7969313039901276,0.7948717948717948,,green_claims_3,\citet{vinicius_woloszyn_towards_2021},Claim characteristics
303,climate_tcfd_recommendations,Llama-8B,42,0.4320295517087086,f1_score,,0.4803162261714813,0.375420527475522,,0.4451803587090308,0.4938936082047032,0.4240750245028933,0.425,,climate_tcfd_recommendations,\citet{bingler2023cheaptalkspecificitysentiment},Disclosure (TCFD) classification
304,netzero_reduction,Llama-8B,42,0.9366289682636726,f1_score,,0.9619334090398554,0.9067840409221248,,0.9470942037313718,0.9353303471444568,0.9439178894151784,0.9447674418604652,,netzero_reduction,\citet{tobias_schimanski_climatebert-netzero_2023},Claim characteristics
305,esgbert_category_forest,Llama-8B,42,0.874180083482409,f1_score,,0.924539727885878,0.8115987174163046,,0.8818831761484636,0.8670321637426901,0.923418878780942,0.924170616113744,,esgbert_category_forest,\citet{Schimanski2024nature},Climate Sub-thematic topic classification
306,esgbert_category_biodiversity,Llama-8B,42,0.8878994237820849,f1_score,,0.9427966344943824,0.8302225795056434,,0.8557141037074787,0.935705368289638,0.93343385733099,0.9299065420560748,,esgbert_category_biodiversity,\citet{Schimanski2024nature},Climate Sub-thematic topic classification
307,climate_sentiment,Llama-8B,42,0.7142079986399762,f1_score,,0.764433729636262,0.6584012393900642,,0.703416563114839,0.732080616326478,0.7399725300996339,0.7375,,climate_sentiment,\citet{bingler2023cheaptalkspecificitysentiment},Sentiment Analysis
308,climaQA,Llama-8B,42,0.5724427507611985,f1_score,,0.6021505272180854,0.540263264295077,,0.7217238017752563,0.621,0.5724427507611985,0.621,,climaQA,\citet{spokoyny2023answering},Question answering
309,climate_commitments_actions,Llama-8B,42,0.6461742591773552,f1_score,,0.6971357409713574,0.5936501228078068,,0.6663533834586466,0.6952564809707666,0.669311145510836,0.65625,,climate_commitments_actions,\citet{bingler2023cheaptalkspecificitysentiment},Claim characteristics
310,esgbert_category_water,Llama-8B,42,0.893736202181291,f1_score,,0.9409707244978625,0.8338839501918851,,0.9282142857142855,0.86851487582985,0.9276256755710888,0.9302325581395348,,esgbert_category_water,\citet{Schimanski2024nature},Climate Sub-thematic topic classification
311,green_claims,Llama-8B,42,0.8999816816266716,f1_score,,0.9691883966476356,0.8233818257346227,,0.903846153846154,0.8965141612200436,0.9098454211112208,0.9102564102564102,,green_claims,\citet{vinicius_woloszyn_towards_2021},Claim detection
312,gw_stance_detection,Llama-8B,42,0.6443178179135959,f1_score,,0.7114743738282372,0.5745252673182721,,0.6344718178424785,0.6629780186690756,0.6430301879156695,0.6432160804020101,,gw_stance_detection,\citet{luo_detecting_2020},Stance classification
313,esgbert_g,Llama-8B,42,0.7557605035865905,f1_score,,0.813482545045045,0.689982878831113,,0.7510822510822511,0.8181132592897299,0.7909856068529308,0.7783505154639175,,esgbert_g,\citet{schimanski_bridging_2023},ESG topic classification
314,sciDCC,Llama-8B,42,0.2027069663346037,f1_score,,0.2256327487146724,0.1791625024687436,,0.364650492486673,0.2442073372904626,0.2357916092318345,0.25,,sciDCC,\citet{mishra2021neuralnere},Climate Sub-thematic topic classification
315,climateBUG_data,Llama-8B,42,0.752890557512127,f1_score,,0.7800707350715403,0.7266650230859616,,0.8073155168530891,0.762,0.7528905575121271,0.762,,climateBUG_data,\citet{yu_climatebug_2024},Climate Topic Classification
316,esgbert_e,Llama-8B,42,0.9509501797637392,f1_score,,0.9820133722572748,0.9115551502377864,,0.9553409385532796,0.946882951653944,0.957918881780804,0.9581151832460733,,esgbert_e,\citet{schimanski_bridging_2023},ESG topic classification
317,ClimaTOPIC,Llama-8B,42,0.4732102727116067,f1_score,,0.4970612217822554,0.4436952294211666,,0.4967925626816065,0.5043865939950277,0.4728145348772464,0.504,,ClimaTOPIC,\citet{spokoyny2023answering},Climate Sub-thematic topic classification
318,lobbymap_pages,Llama-8B,42,0.6262990127293823,f1_score,,0.6534059662591086,0.5969865096720082,,0.6758907448562621,0.6801725720580136,0.6285248802755786,0.6264501160092807,,lobbymap_pages,\citet{morio2023an},Stance classification
319,sustainable_signals_review,Llama-8B,42,0.6352040816326531,f1_score,,0.7386877828054299,0.5253519517677351,,0.6594202898550725,0.6363636363636364,0.6494169096209912,0.6623376623376623,,sustainable_signals_review,\citet{linSUSTAINABLESIGNALSijcai2023},Climate Topic Classification
320,lobbymap_query,Llama-8B,42,0.324172050024617,f1_score,,0.3644658360359628,0.2777058630851926,,0.3435289875295902,0.3946276788869904,0.3636970956951573,0.395357004590454,,lobbymap_query,\citet{morio2023an},Stance classification
321,logicClimate,Llama-8B,42,0.1030615723119784,f1_score,,0.1401364327425379,0.0540166673195059,,0.1803714066871961,0.1305966469428008,0.1106806204848468,0.1769087523277467,,logicClimate,\citet{jin-etal-2022-logical},Deceptive technics
322,lobbymap_stance,Llama-8B,42,0.2636283722424801,f1_score,,0.3096555773357191,0.2165191947943411,,0.2531860952659548,0.290656071753353,0.3071401848497284,0.3516483516483517,,lobbymap_stance,\citet{morio2023an},Stance classification
323,climateStance,Llama-70B,42,0.5797654676857666,f1_score,,0.6377462261206639,0.5119188982118469,,0.5763726517214889,0.6920187793427229,0.7300256867662993,0.6807909604519774,,climateStance,\citet{vaid-etal-2022-towards},Stance classification
324,environmental_claims,Llama-70B,42,0.7656286365963785,f1_score,,0.8186931548052904,0.7105383969985277,,0.7669952997821851,0.8511231720186944,0.7988561381135939,0.7849056603773585,,environmental_claims,\citet{stammbach_environmental_2023},Claim detection
325,esgbert_action500,Llama-70B,42,0.6302600472813239,f1_score,,0.761033223573117,0.4772727272727273,,0.6371428571428572,0.6384615384615384,0.6313084592455546,0.6304347826086957,,esgbert_action500,\citet{schimanski_bridging_2023},Claim characteristics
326,ClimaINS_ours,Llama-70B,42,0.4885198109110277,f1_score,,0.5311508758776078,0.4378223408981875,,0.5595863219273213,0.5063860107586038,0.5182493641616764,0.558974358974359,,ClimaINS_ours,\citet{spokoyny2023answering},Question answering
327,climateFEVER_evidence,Llama-70B,42,0.6374582383932778,f1_score,,0.6738384165909361,0.5969356271765675,,0.6131928821760196,0.7055773003105754,0.6838053301685192,0.674025974025974,,climateFEVER_evidence,\citet{diggelmann_climate-fever_2020},Stance classification
328,climate_detection,Llama-70B,42,0.9336760072956392,f1_score,,0.9641622418115549,0.9009754187338792,,0.9642097802976612,0.909375,0.9587464765378876,0.96,,climate_detection,\citet{bingler2023cheaptalkspecificitysentiment},Climate Topic Classification
329,climateEng,Llama-70B,42,0.6111287432055161,f1_score,,0.6887111103115258,0.5185446218454414,,0.5863564918855918,0.6430415695415694,0.7238639285939406,0.7203389830508474,,climateEng,\citet{vaid-etal-2022-towards},Climate Sub-thematic topic classification
330,climatext,Llama-70B,42,0.898999898999899,f1_score,,0.9168992315094332,0.8779685524822161,,0.899001596006384,0.899,0.898999898999899,0.899,,climatext,\citet{varini_climatext_2020},Climate Topic Classification
331,esgbert_s,Llama-70B,42,0.7357507660878447,f1_score,,0.7975255251768864,0.6733635335957291,,0.7372701555869873,0.7466911764705882,0.7412157826928308,0.7386934673366834,,esgbert_s,\citet{schimanski_bridging_2023},ESG topic classification
332,climate_specificity,Llama-70B,42,0.6804511278195489,f1_score,,0.7315435418288869,0.6281206419834429,,0.7466105041463735,0.7319549337625355,0.6767563439849624,0.68125,,climate_specificity,\citet{bingler2023cheaptalkspecificitysentiment},Claim characteristics
333,climateFEVER_claim,Llama-70B,42,0.2625665970175484,f1_score,,0.3278773265034477,0.1979229948860278,,0.3366898148148148,0.2996941489361702,0.3087295444334308,0.3026315789473684,,climateFEVER_claim,\citet{diggelmann_climate-fever_2020},Stance classification
334,contrarian_claims,Llama-70B,42,0.5626197547803756,f1_score,,0.5921830887113233,0.5273578506639849,,0.7143440987473685,0.535924734890071,0.5278915547371315,0.527,,contrarian_claims,\citet{coanComputerassistedClassificationContrarian2021},Deceptive technics
335,esgbert_category_nature,Llama-70B,42,0.8804424197094354,f1_score,,0.9237878491434116,0.8331638715295564,,0.8902900960827791,0.8797644732110752,0.8807109617015078,0.8815165876777251,,esgbert_category_nature,\citet{Schimanski2024nature},Climate Sub-thematic topic classification
336,green_claims_3,Llama-70B,42,0.7567916446634982,f1_score,,0.8598986504661235,0.6336958611874625,,0.7820797089089773,0.8169934640522875,0.8136568588953733,0.7948717948717948,,green_claims_3,\citet{vinicius_woloszyn_towards_2021},Claim characteristics
337,climate_tcfd_recommendations,Llama-70B,42,0.5015044160422097,f1_score,,0.5522527383452216,0.4436259910239243,,0.4912596987717966,0.58700905391442,0.4808406024158004,0.4825,,climate_tcfd_recommendations,\citet{bingler2023cheaptalkspecificitysentiment},Disclosure (TCFD) classification
338,netzero_reduction,Llama-70B,42,0.9561421152979904,f1_score,,0.9775721941122708,0.9329975698182416,,0.9555555555555556,0.9587627884300416,0.9598617634271508,0.9593023255813954,,netzero_reduction,\citet{tobias_schimanski_climatebert-netzero_2023},Claim characteristics
339,esgbert_category_forest,Llama-70B,42,0.8624463887459255,f1_score,,0.9179079688937636,0.8030259134073716,,0.8434094447327452,0.8869883040935672,0.9126344092578454,0.909952606635071,,esgbert_category_forest,\citet{Schimanski2024nature},Climate Sub-thematic topic classification
340,esgbert_category_biodiversity,Llama-70B,42,0.8226029289859077,f1_score,,0.8773398866069047,0.7586435089908979,,0.7857142857142857,0.9241573033707864,0.8858594179731584,0.8738317757009346,,esgbert_category_biodiversity,\citet{Schimanski2024nature},Climate Sub-thematic topic classification
341,climate_sentiment,Llama-70B,42,0.7045833333333333,f1_score,,0.754572288815566,0.6472596295430313,,0.7028543595122075,0.7169016929610136,0.73812890625,0.73125,,climate_sentiment,\citet{bingler2023cheaptalkspecificitysentiment},Sentiment Analysis
342,climaQA,Llama-70B,42,0.7717092192455298,f1_score,,0.7980215135939135,0.7437471672608439,,0.8124381866896837,0.778,0.7717092192455298,0.778,,climaQA,\citet{spokoyny2023answering},Question answering
343,climate_commitments_actions,Llama-70B,42,0.5072529153875578,f1_score,,0.5620279837335933,0.4507457654779084,,0.6503393725615948,0.6292976650119507,0.4947225110093273,0.509375,,climate_commitments_actions,\citet{bingler2023cheaptalkspecificitysentiment},Claim characteristics
344,esgbert_category_water,Llama-70B,42,0.9348484848484848,f1_score,,0.9689053293968842,0.89072532445399,,0.9289813486370158,0.9411113843127612,0.9538125440451022,0.9534883720930232,,esgbert_category_water,\citet{Schimanski2024nature},Climate Sub-thematic topic classification
345,green_claims,Llama-70B,42,0.8675271739130435,f1_score,,0.9345966795237296,0.7893789378937894,,0.8648648648648649,0.9019607843137256,0.8748432274247492,0.8717948717948718,,green_claims,\citet{vinicius_woloszyn_towards_2021},Claim detection
346,gw_stance_detection,Llama-70B,42,0.7251289989680082,f1_score,,0.787665319476137,0.6581104483445972,,0.7197396500213401,0.7344926227040048,0.7166101404857103,0.7185929648241206,,gw_stance_detection,\citet{luo_detecting_2020},Stance classification
347,esgbert_g,Llama-70B,42,0.6256556597363772,f1_score,,0.6902288807244477,0.5532012897282359,,0.6811403508771929,0.726518579459756,0.6521927704767148,0.634020618556701,,esgbert_g,\citet{schimanski_bridging_2023},ESG topic classification
348,sciDCC,Llama-70B,42,0.2999631362261916,f1_score,,0.3232145921583078,0.2740669250025654,,0.4129931964768233,0.3307542802050978,0.3457462009594986,0.33,,sciDCC,\citet{mishra2021neuralnere},Climate Sub-thematic topic classification
349,climateBUG_data,Llama-70B,42,0.8716529495756525,f1_score,,0.8936170212765957,0.8498078149879037,,0.876067546583851,0.872,0.8716529495756525,0.872,,climateBUG_data,\citet{yu_climatebug_2024},Climate Topic Classification
350,esgbert_e,Llama-70B,42,0.9455685380450272,f1_score,,0.9757051081505154,0.907590508862207,,0.9436317780580076,0.9475826972010178,0.9529840246247868,0.9528795811518324,,esgbert_e,\citet{schimanski_bridging_2023},ESG topic classification
351,ClimaTOPIC,Llama-70B,42,0.5096207827429988,f1_score,,0.5349854177202968,0.4821393283691444,,0.532822253385918,0.5395152036718301,0.5092483465094622,0.539,,ClimaTOPIC,\citet{spokoyny2023answering},Climate Sub-thematic topic classification
352,lobbymap_pages,Llama-70B,42,0.6125173785751821,f1_score,,0.6410670669795762,0.587048370540933,,0.7152552745075184,0.6937291825119988,0.6052384441687447,0.6140757927300851,,lobbymap_pages,\citet{morio2023an},Stance classification
353,sustainable_signals_review,Llama-70B,42,0.7326388888888888,f1_score,,0.8235963167216472,0.6258036475577752,,0.735273492286115,0.731060606060606,0.7390873015873016,0.7402597402597403,,sustainable_signals_review,\citet{linSUSTAINABLESIGNALSijcai2023},Climate Topic Classification
354,lobbymap_query,Llama-70B,42,0.3822943238917071,f1_score,,0.4200756851038242,0.3405182852057117,,0.3489180130757725,0.4952769274084382,0.4321907710721315,0.4291300259941374,,lobbymap_query,\citet{morio2023an},Stance classification
355,logicClimate,Llama-70B,42,0.2211681663925987,f1_score,,0.28126953305147,0.153401662440124,,0.3478870029982556,0.2179900227977151,0.2284684955647258,0.2597765363128491,,logicClimate,\citet{jin-etal-2022-logical},Deceptive technics
356,lobbymap_stance,Llama-70B,42,0.1961492976787689,f1_score,,0.2348299474703063,0.1589131140685688,,0.221684295631664,0.2603206587086924,0.2114283004971404,0.2769230769230769,,lobbymap_stance,\citet{morio2023an},Stance classification
357,climatext_10k,Llama-8B,42,0.909455690508322,f1_score,,0.9483816866592863,0.8632355680562271,,0.9575430172068828,0.8766139657444005,0.9397928292665136,0.9425675675675677,,climatext_10k,\citet{varini_climatext_2020},Climate Topic Classification
358,climatext_wiki,Llama-8B,42,0.8282224201552361,f1_score,,0.898650114407085,0.7477373780293489,,0.8763636363636365,0.7936670071501533,0.9363048733935616,0.94,,climatext_wiki,\citet{varini_climatext_2020},Climate Topic Classification
359,climatext_claim,Llama-8B,42,0.8362706456071562,f1_score,,0.8581799471305662,0.8137074212743518,,0.8697583044558788,0.8393935742971887,0.8363179888447989,0.8396793587174348,,climatext_claim,\citet{varini_climatext_2020},Climate Topic Classification
360,climatext_10k,Llama-70B,42,0.9596702772668436,f1_score,,0.98496316992634,0.9299978697123916,,0.9768361581920904,0.9447957839262188,0.9725034660656978,0.972972972972973,,climatext_10k,\citet{varini_climatext_2020},Climate Topic Classification
361,climatext_wiki,Llama-70B,42,0.8740856217771915,f1_score,,0.935309973045822,0.804129586137146,,0.8971879373966154,0.8542730677562138,0.9520014390214654,0.9533333333333334,,climatext_wiki,\citet{varini_climatext_2020},Climate Topic Classification
362,climatext_claim,Llama-70B,42,0.8571360404638069,f1_score,,0.8782707035648932,0.8367749300196962,,0.8747885047337154,0.8585100401606425,0.8571661622620151,0.8587174348697395,,climatext_claim,\citet{varini_climatext_2020},Climate Topic Classification
